time,worker_task_index,global_step,local_step,loss,acc,time delta
2018-05-21 02:39:14.94458,0,10,10,55.13137,0.8228,0
2018-05-21 02:39:15.02094,0,20,20,42.05686,0.8778,0.07636594772338867
2018-05-21 02:39:15.07127,0,30,30,26.201149,0.8968,0.0503230094909668
2018-05-21 02:39:15.12149,0,40,40,44.15483,0.8936,0.05021810531616211
2018-05-21 02:39:15.17069,0,50,50,33.74716,0.9024,0.04920697212219238
2018-05-21 02:39:15.21712,0,60,60,23.702362,0.904,0.04642510414123535
2018-05-21 02:39:15.26648,0,70,70,21.884998,0.9092,0.04936790466308594
2018-05-21 02:39:15.31540,0,80,80,31.447573,0.9184,0.04891800880432129
2018-05-21 02:39:15.36399,0,90,90,28.49958,0.9238,0.048583030700683594
2018-05-21 02:39:15.41542,0,100,100,26.021118,0.9212,0.05143094062805176
2018-05-21 02:39:15.46299,0,110,110,17.651619,0.9246,0.047569990158081055
2018-05-21 02:39:15.51208,0,120,120,27.355396,0.927,0.04909801483154297
2018-05-21 02:39:15.56060,0,130,130,21.16821,0.924,0.04851508140563965
2018-05-21 02:39:15.60769,0,140,140,22.070112,0.931,0.047093868255615234
2018-05-21 02:39:15.65766,0,150,150,8.987881,0.931,0.049961090087890625
2018-05-21 02:39:15.70547,0,160,160,4.661216,0.9402,0.04781508445739746
2018-05-21 02:39:15.75201,0,170,170,25.131527,0.9408,0.046544790267944336
2018-05-21 02:39:15.79782,0,180,180,14.031149,0.9432,0.045803070068359375
2018-05-21 02:39:15.84471,0,190,190,27.687197,0.942,0.046890974044799805
2018-05-21 02:39:15.89376,0,200,200,29.840277,0.935,0.049053192138671875
2018-05-21 02:39:15.94367,0,210,210,23.474339,0.9474,0.04990577697753906
2018-05-21 02:39:15.99328,0,220,220,19.607553,0.948,0.04961705207824707
2018-05-21 02:39:16.04102,0,230,230,15.532997,0.947,0.047736167907714844
2018-05-21 02:39:16.08894,0,240,240,10.973196,0.9486,0.04791998863220215
2018-05-21 02:39:16.13763,0,250,250,18.352058,0.946,0.048692941665649414
2018-05-21 02:39:16.18666,0,260,260,19.562527,0.9484,0.04902195930480957
2018-05-21 02:39:16.23478,0,270,270,13.477111,0.9502,0.048120975494384766
2018-05-21 02:39:16.28182,0,280,280,13.009036,0.9518,0.04704594612121582
2018-05-21 02:39:16.33076,0,290,290,23.93935,0.9522,0.0489351749420166
2018-05-21 02:39:16.37861,0,300,300,13.994044,0.9546,0.0478518009185791
2018-05-21 02:39:16.42899,0,310,310,9.483337,0.9542,0.05037808418273926
2018-05-21 02:39:16.47790,0,320,320,6.7250624,0.954,0.048911094665527344
2018-05-21 02:39:16.52647,0,330,330,19.365507,0.9604,0.048568010330200195
2018-05-21 02:39:16.57654,0,340,340,47.90362,0.947,0.05006980895996094
2018-05-21 02:39:16.62478,0,350,350,12.155596,0.9492,0.04824113845825195
2018-05-21 02:39:16.67313,0,360,360,10.211426,0.9532,0.04835104942321777
2018-05-21 02:39:16.71905,0,370,370,18.125517,0.9546,0.04592394828796387
2018-05-21 02:39:16.76570,0,380,380,21.854782,0.9504,0.04665088653564453
2018-05-21 02:39:16.81171,0,390,390,13.184267,0.952,0.046005964279174805
2018-05-21 02:39:16.86205,0,400,400,11.13365,0.9522,0.050338029861450195
2018-05-21 02:39:16.91054,0,410,410,6.4127336,0.9558,0.04848814010620117
2018-05-21 02:39:16.95936,0,420,420,8.854197,0.9568,0.048822879791259766
2018-05-21 02:39:17.00786,0,430,430,13.903084,0.9578,0.04850006103515625
2018-05-21 02:39:17.05498,0,440,440,10.75275,0.9616,0.04712510108947754
2018-05-21 02:39:17.10224,0,450,450,17.122456,0.961,0.0472569465637207
2018-05-21 02:39:17.14908,0,460,460,16.0567,0.9592,0.04683494567871094
2018-05-21 02:39:17.19519,0,470,470,14.645794,0.9622,0.046109914779663086
2018-05-21 02:39:17.24215,0,480,480,7.6079893,0.9628,0.04696512222290039
2018-05-21 02:39:17.29126,0,490,490,12.381829,0.954,0.049108028411865234
2018-05-21 02:39:17.33718,0,500,500,12.35189,0.957,0.04592299461364746
2018-05-21 02:39:17.38550,0,510,510,10.193066,0.958,0.04832100868225098
2018-05-21 02:39:17.43348,0,520,520,14.755853,0.9586,0.04797697067260742
2018-05-21 02:39:17.48138,0,530,530,14.482927,0.9536,0.04789900779724121
2018-05-21 02:39:17.52911,0,540,540,4.981422,0.9632,0.04772806167602539
2018-05-21 02:39:17.57483,0,550,550,9.4003525,0.9548,0.04572296142578125
2018-05-21 02:39:17.71713,0,560,560,12.187358,0.961,0.1423029899597168
2018-05-21 02:39:17.76553,0,570,570,5.8935304,0.965,0.048399925231933594
2018-05-21 02:39:17.81411,0,580,580,9.770114,0.9568,0.04858112335205078
2018-05-21 02:39:17.86140,0,590,590,12.936373,0.9642,0.047284841537475586
2018-05-21 02:39:17.90923,0,600,600,11.95339,0.9598,0.047834157943725586
2018-05-21 02:39:17.95775,0,610,610,4.454521,0.9578,0.04851388931274414
2018-05-21 02:39:18.00835,0,620,620,13.563028,0.9612,0.05060291290283203
2018-05-21 02:39:18.05596,0,630,630,14.993953,0.9546,0.04760599136352539
2018-05-21 02:39:18.10287,0,640,640,16.716259,0.9608,0.04691600799560547
2018-05-21 02:39:18.15092,0,650,650,14.003724,0.961,0.04805302619934082
2018-05-21 02:39:18.20096,0,660,660,23.477224,0.958,0.0500330924987793
2018-05-21 02:39:18.24831,0,670,670,12.414527,0.9618,0.0473480224609375
2018-05-21 02:39:18.29744,0,680,680,10.486279,0.9538,0.04913806915283203
2018-05-21 02:39:18.34787,0,690,690,18.004478,0.9614,0.050421953201293945
2018-05-21 02:39:18.39703,0,700,700,13.60142,0.9614,0.04916095733642578
2018-05-21 02:39:18.44604,0,710,710,8.785218,0.9642,0.049015045166015625
2018-05-21 02:39:18.49359,0,720,720,16.102417,0.9616,0.047544002532958984
2018-05-21 02:39:18.54076,0,730,730,23.414867,0.9636,0.04716992378234863
2018-05-21 02:39:18.58817,0,740,740,25.716667,0.9662,0.04741501808166504
2018-05-21 02:39:18.63531,0,750,750,14.205129,0.9626,0.047139883041381836
2018-05-21 02:39:18.68263,0,760,760,10.230178,0.9682,0.0473170280456543
2018-05-21 02:39:18.73081,0,770,770,7.6274023,0.9614,0.04818606376647949
2018-05-21 02:39:18.77645,0,780,780,15.081156,0.9682,0.04563593864440918
2018-05-21 02:39:18.82524,0,790,790,6.186717,0.963,0.048789024353027344
2018-05-21 02:39:18.87267,0,800,800,8.625539,0.9642,0.04742693901062012
2018-05-21 02:39:18.92040,0,810,810,23.525122,0.9672,0.04773712158203125
2018-05-21 02:39:18.97243,0,820,820,4.647983,0.9608,0.052023887634277344
2018-05-21 02:39:19.02021,0,830,830,5.215244,0.966,0.047785043716430664
2018-05-21 02:39:19.06864,0,840,840,10.370302,0.9684,0.0484311580657959
2018-05-21 02:39:19.11478,0,850,850,12.324892,0.962,0.046135902404785156
2018-05-21 02:39:19.16024,0,860,860,9.966188,0.9616,0.045465946197509766
2018-05-21 02:39:19.21003,0,870,870,17.818941,0.9622,0.04978513717651367
2018-05-21 02:39:19.25918,0,880,880,7.8326592,0.9648,0.04914689064025879
2018-05-21 02:39:19.30841,0,890,890,21.054104,0.9674,0.04923200607299805
2018-05-21 02:39:19.35748,0,900,900,20.282475,0.963,0.04906797409057617
2018-05-21 02:39:19.40509,0,910,910,11.814912,0.965,0.04760909080505371
2018-05-21 02:39:19.45187,0,920,920,11.000654,0.9602,0.04678797721862793
2018-05-21 02:39:19.49945,0,930,930,22.638363,0.967,0.04757404327392578
2018-05-21 02:39:19.54631,0,940,940,14.6950865,0.9686,0.046864986419677734
2018-05-21 02:39:19.59350,0,950,950,4.9957385,0.9642,0.047189950942993164
2018-05-21 02:39:19.64218,0,960,960,15.87879,0.9656,0.04867911338806152
2018-05-21 02:39:19.69169,0,970,970,17.976316,0.9612,0.04950976371765137
2018-05-21 02:39:19.74078,0,980,980,8.953007,0.968,0.04908919334411621
2018-05-21 02:39:19.78661,0,990,990,7.57995,0.966,0.04583001136779785
2018-05-21 02:39:19.83400,0,1000,1000,13.14995,0.9594,0.047384023666381836
2018-05-21 02:39:19.88304,0,1010,1010,6.9066315,0.9652,0.04904580116271973
2018-05-21 02:39:19.93087,0,1020,1020,4.4460516,0.9616,0.04782605171203613
2018-05-21 02:39:19.97984,0,1030,1030,9.917253,0.9622,0.04897594451904297
2018-05-21 02:39:20.02905,0,1040,1040,12.043159,0.9532,0.04920601844787598
2018-05-21 02:39:20.08021,0,1050,1050,20.204487,0.9604,0.05116415023803711
2018-05-21 02:39:20.12948,0,1060,1060,7.7545376,0.964,0.0492708683013916
2018-05-21 02:39:20.17946,0,1070,1070,7.439931,0.9612,0.04997515678405762
2018-05-21 02:39:20.22922,0,1080,1080,12.475208,0.9664,0.049757957458496094
2018-05-21 02:39:20.27660,0,1090,1090,16.738142,0.9662,0.04738593101501465
2018-05-21 02:39:20.32245,0,1100,1100,15.716167,0.9652,0.045844078063964844
2018-05-21 02:39:20.48080,0,1110,1110,11.927542,0.967,0.15835189819335938
2018-05-21 02:39:20.52709,0,1120,1120,7.661664,0.9634,0.04628705978393555
2018-05-21 02:39:20.57736,0,1130,1130,10.528593,0.9704,0.05027508735656738
2018-05-21 02:39:20.62751,0,1140,1140,14.016537,0.9686,0.05014395713806152
2018-05-21 02:39:20.67741,0,1150,1150,5.345448,0.9718,0.04990983009338379
2018-05-21 02:39:20.72641,0,1160,1160,4.350142,0.9696,0.048998117446899414
2018-05-21 02:39:20.77409,0,1170,1170,5.482291,0.9708,0.047677040100097656
2018-05-21 02:39:20.82205,0,1180,1180,3.887413,0.9666,0.04796290397644043
2018-05-21 02:39:20.86925,0,1190,1190,11.272779,0.9658,0.04719996452331543
2018-05-21 02:39:20.91561,0,1200,1200,21.07959,0.9678,0.046360015869140625
2018-05-21 02:39:20.96149,0,1210,1210,12.678627,0.9634,0.04587411880493164
2018-05-21 02:39:21.00917,0,1220,1220,7.0708656,0.961,0.0476839542388916
2018-05-21 02:39:21.05816,0,1230,1230,8.444984,0.9624,0.04898691177368164
2018-05-21 02:39:21.10857,0,1240,1240,16.94225,0.9648,0.050414085388183594
2018-05-21 02:39:21.15747,0,1250,1250,7.287117,0.9648,0.04889988899230957
2018-05-21 02:39:21.20716,0,1260,1260,19.553337,0.9692,0.049688100814819336
2018-05-21 02:39:21.25562,0,1270,1270,15.59548,0.9672,0.04845905303955078
2018-05-21 02:39:21.30224,0,1280,1280,8.940567,0.9676,0.04661893844604492
2018-05-21 02:39:21.34848,0,1290,1290,5.537875,0.965,0.04624199867248535
2018-05-21 02:39:21.39480,0,1300,1300,9.165048,0.9696,0.04632210731506348
2018-05-21 02:39:21.44071,0,1310,1310,12.902903,0.9614,0.04590892791748047
2018-05-21 02:39:21.48929,0,1320,1320,14.368572,0.9592,0.04857492446899414
2018-05-21 02:39:21.53736,0,1330,1330,27.65084,0.9628,0.048074960708618164
2018-05-21 02:39:21.58897,0,1340,1340,6.024281,0.9636,0.051606178283691406
2018-05-21 02:39:21.63767,0,1350,1350,15.380188,0.9688,0.048707008361816406
2018-05-21 02:39:21.68417,0,1360,1360,5.7342796,0.9648,0.04649496078491211
2018-05-21 02:39:21.73305,0,1370,1370,12.833069,0.967,0.04888105392456055
2018-05-21 02:39:21.78053,0,1380,1380,6.835831,0.964,0.047479867935180664
2018-05-21 02:39:21.82703,0,1390,1390,17.702414,0.9692,0.046499013900756836
2018-05-21 02:39:21.87580,0,1400,1400,12.917014,0.9664,0.04877209663391113
2018-05-21 02:39:21.92593,0,1410,1410,9.066584,0.9654,0.050128936767578125
2018-05-21 02:39:21.97622,0,1420,1420,1.6206982,0.9588,0.05028796195983887
2018-05-21 02:39:22.02591,0,1430,1430,4.5343146,0.9684,0.04969310760498047
2018-05-21 02:39:22.07400,0,1440,1440,4.875002,0.9702,0.048085927963256836
2018-05-21 02:39:22.11897,0,1450,1450,1.6825597,0.967,0.04497504234313965
2018-05-21 02:39:22.16547,0,1460,1460,7.9829187,0.9638,0.046501874923706055
2018-05-21 02:39:22.20975,0,1470,1470,5.9681892,0.9694,0.04427695274353027
2018-05-21 02:39:22.25808,0,1480,1480,14.690212,0.9682,0.0483241081237793
2018-05-21 02:39:22.30594,0,1490,1490,3.8268802,0.9678,0.04786801338195801
2018-05-21 02:39:22.35189,0,1500,1500,7.261803,0.9672,0.04594588279724121
2018-05-21 02:39:22.40060,0,1510,1510,21.10812,0.9656,0.04871416091918945
2018-05-21 02:39:22.45049,0,1520,1520,10.992453,0.956,0.04988598823547363
2018-05-21 02:39:22.49894,0,1530,1530,12.167397,0.9654,0.04845285415649414
2018-05-21 02:39:22.54629,0,1540,1540,11.962387,0.9668,0.047350168228149414
2018-05-21 02:39:22.59154,0,1550,1550,18.317501,0.9664,0.04524397850036621
2018-05-21 02:39:22.63606,0,1560,1560,8.237335,0.9678,0.0445249080657959
2018-05-21 02:39:22.68239,0,1570,1570,4.342532,0.964,0.046328067779541016
2018-05-21 02:39:22.72681,0,1580,1580,8.178434,0.9648,0.04442000389099121
2018-05-21 02:39:22.77513,0,1590,1590,18.897133,0.9684,0.04832291603088379
2018-05-21 02:39:22.82221,0,1600,1600,3.8581183,0.9658,0.04707503318786621
2018-05-21 02:39:22.86889,0,1610,1610,9.830698,0.9714,0.04668092727661133
2018-05-21 02:39:22.91667,0,1620,1620,2.5451894,0.971,0.04778003692626953
2018-05-21 02:39:22.96464,0,1630,1630,5.385231,0.9692,0.047976016998291016
2018-05-21 02:39:23.01147,0,1640,1640,7.0847316,0.9686,0.04682207107543945
2018-05-21 02:39:23.05779,0,1650,1650,13.136451,0.9632,0.04632687568664551
2018-05-21 02:39:23.20300,0,1660,1660,3.566454,0.9648,0.14521098136901855
2018-05-21 02:39:23.25251,0,1670,1670,10.1342125,0.971,0.049506187438964844
2018-05-21 02:39:23.30157,0,1680,1680,4.446865,0.9692,0.04905986785888672
2018-05-21 02:39:23.34769,0,1690,1690,7.2993727,0.9702,0.04611706733703613
2018-05-21 02:39:23.39562,0,1700,1700,8.381079,0.969,0.04793596267700195
2018-05-21 02:39:23.44502,0,1710,1710,7.54295,0.9644,0.0493929386138916
2018-05-21 02:39:23.49391,0,1720,1720,2.5874434,0.9738,0.04888916015625
2018-05-21 02:39:23.54329,0,1730,1730,1.5266129,0.9704,0.04938793182373047
2018-05-21 02:39:23.59523,0,1740,1740,3.5201378,0.9664,0.051937103271484375
2018-05-21 02:39:23.64336,0,1750,1750,4.2920403,0.9662,0.04813385009765625
2018-05-21 02:39:23.69079,0,1760,1760,5.8794103,0.9672,0.04742693901062012
2018-05-21 02:39:23.73562,0,1770,1770,11.197693,0.966,0.04483199119567871
2018-05-21 02:39:23.78357,0,1780,1780,9.444706,0.9684,0.04794907569885254
2018-05-21 02:39:23.82964,0,1790,1790,6.687477,0.9666,0.046070098876953125
2018-05-21 02:39:23.87944,0,1800,1800,5.503749,0.9696,0.049794912338256836
2018-05-21 02:39:23.93036,0,1810,1810,16.574276,0.9688,0.0509181022644043
2018-05-21 02:39:23.97979,0,1820,1820,3.3333797,0.9716,0.0494379997253418
2018-05-21 02:39:24.02896,0,1830,1830,11.174236,0.9734,0.04916501045227051
2018-05-21 02:39:24.07810,0,1840,1840,6.3641343,0.9718,0.049139976501464844
2018-05-21 02:39:24.12529,0,1850,1850,17.11187,0.9676,0.047193050384521484
2018-05-21 02:39:24.17407,0,1860,1860,7.1019397,0.9684,0.04878091812133789
2018-05-21 02:39:24.22481,0,1870,1870,24.998623,0.9662,0.0507349967956543
2018-05-21 02:39:24.27332,0,1880,1880,1.6901436,0.9682,0.048512935638427734
2018-05-21 02:39:24.32220,0,1890,1890,21.893805,0.9604,0.04888010025024414
2018-05-21 02:39:24.37009,0,1900,1900,5.098702,0.9658,0.04789400100708008
2018-05-21 02:39:24.41891,0,1910,1910,10.016307,0.9662,0.04881787300109863
2018-05-21 02:39:24.46650,0,1920,1920,9.333396,0.9678,0.04758715629577637
2018-05-21 02:39:24.51473,0,1930,1930,13.959902,0.9654,0.04822683334350586
2018-05-21 02:39:24.56458,0,1940,1940,27.691551,0.9642,0.049859046936035156
2018-05-21 02:39:24.61286,0,1950,1950,11.214428,0.9676,0.048278093338012695
2018-05-21 02:39:24.65978,0,1960,1960,9.346289,0.97,0.04691195487976074
2018-05-21 02:39:24.70593,0,1970,1970,3.29151,0.9652,0.04615592956542969
2018-05-21 02:39:24.75541,0,1980,1980,8.87505,0.9722,0.049479007720947266
2018-05-21 02:39:24.80276,0,1990,1990,3.958104,0.972,0.04734992980957031
2018-05-21 02:39:24.85094,0,2000,2000,2.988936,0.9732,0.04818105697631836
2018-05-21 02:39:24.89899,0,2010,2010,8.284607,0.9726,0.048048973083496094
2018-05-21 02:39:24.94770,0,2020,2020,1.1268942,0.9692,0.04870796203613281
2018-05-21 02:39:24.99490,0,2030,2030,4.4408674,0.9684,0.04720020294189453
2018-05-21 02:39:25.04085,0,2040,2040,1.9276819,0.967,0.04594898223876953
2018-05-21 02:39:25.08574,0,2050,2050,15.098339,0.9718,0.04489398002624512
2018-05-21 02:39:25.13566,0,2060,2060,6.384125,0.972,0.04992389678955078
2018-05-21 02:39:25.18612,0,2070,2070,3.2809596,0.9682,0.050454139709472656
2018-05-21 02:39:25.23612,0,2080,2080,7.7504683,0.9718,0.05000185966491699
2018-05-21 02:39:25.28544,0,2090,2090,21.794249,0.9722,0.04931807518005371
2018-05-21 02:39:25.33569,0,2100,2100,4.0218544,0.9686,0.05025506019592285
2018-05-21 02:39:25.38223,0,2110,2110,8.65215,0.967,0.04653787612915039
2018-05-21 02:39:25.42580,0,2120,2120,17.193825,0.9686,0.043563127517700195
2018-05-21 02:39:25.47148,0,2130,2130,15.688728,0.9646,0.04568886756896973
2018-05-21 02:39:25.51722,0,2140,2140,12.58997,0.9712,0.04573392868041992
2018-05-21 02:39:25.56538,0,2150,2150,8.519694,0.9688,0.04816603660583496
2018-05-21 02:39:25.61200,0,2160,2160,2.4630485,0.9694,0.04661297798156738
2018-05-21 02:39:25.66136,0,2170,2170,3.2043931,0.9708,0.04936099052429199
2018-05-21 02:39:25.71405,0,2180,2180,8.492668,0.9662,0.05269503593444824
2018-05-21 02:39:25.76191,0,2190,2190,26.73093,0.9668,0.04785513877868652
2018-05-21 02:39:25.81107,0,2200,2200,5.1692014,0.9676,0.04915904998779297
2018-05-21 02:39:25.95796,0,2210,2210,10.202463,0.9708,0.14689278602600098
2018-05-21 02:39:26.00319,0,2220,2220,4.573858,0.9686,0.04523205757141113
2018-05-21 02:39:26.04940,0,2230,2230,2.0680826,0.9698,0.0462040901184082
2018-05-21 02:39:26.09995,0,2240,2240,1.1641064,0.9706,0.0505518913269043
2018-05-21 02:39:26.14795,0,2250,2250,1.6625459,0.97,0.04800105094909668
2018-05-21 02:39:26.19556,0,2260,2260,4.864296,0.971,0.047612905502319336
2018-05-21 02:39:26.24641,0,2270,2270,4.9554305,0.9726,0.05085015296936035
2018-05-21 02:39:26.29587,0,2280,2280,0.82082164,0.9738,0.04946088790893555
2018-05-21 02:39:26.34907,0,2290,2290,16.854973,0.968,0.05319809913635254
2018-05-21 02:39:26.39756,0,2300,2300,11.326231,0.9666,0.0484919548034668
2018-05-21 02:39:26.44921,0,2310,2310,5.4159384,0.9706,0.05164599418640137
2018-05-21 02:39:26.50204,0,2320,2320,10.954934,0.9722,0.05282902717590332
2018-05-21 02:39:26.55107,0,2330,2330,4.614126,0.971,0.04903602600097656
2018-05-21 02:39:26.59912,0,2340,2340,5.1585603,0.9682,0.04804205894470215
2018-05-21 02:39:26.64643,0,2350,2350,11.603539,0.9724,0.04731488227844238
2018-05-21 02:39:26.69667,0,2360,2360,8.124966,0.9702,0.05023908615112305
2018-05-21 02:39:26.74503,0,2370,2370,6.367161,0.9706,0.04835987091064453
2018-05-21 02:39:26.79439,0,2380,2380,3.7076757,0.9718,0.04935908317565918
2018-05-21 02:39:26.84829,0,2390,2390,7.9904065,0.9704,0.05389809608459473
2018-05-21 02:39:26.90153,0,2400,2400,2.1362295,0.9708,0.05324196815490723
2018-05-21 02:39:26.95163,0,2410,2410,2.1137755,0.9708,0.05009794235229492
2018-05-21 02:39:27.00387,0,2420,2420,1.0111297,0.9696,0.05224609375
2018-05-21 02:39:27.05051,0,2430,2430,2.3596654,0.9692,0.046640872955322266
2018-05-21 02:39:27.09821,0,2440,2440,8.5980835,0.9686,0.047692060470581055
2018-05-21 02:39:27.15077,0,2450,2450,2.89979,0.9694,0.05256485939025879
2018-05-21 02:39:27.20873,0,2460,2460,12.220804,0.9716,0.05796408653259277
2018-05-21 02:39:27.26181,0,2470,2470,9.530301,0.9666,0.05307412147521973
2018-05-21 02:39:27.31029,0,2480,2480,0.3493047,0.9674,0.04847598075866699
2018-05-21 02:39:27.35968,0,2490,2490,10.244879,0.9628,0.049391984939575195
2018-05-21 02:39:27.40575,0,2500,2500,36.150528,0.9634,0.04606795310974121
2018-05-21 02:39:27.45100,0,2510,2510,4.370041,0.9666,0.04525589942932129
2018-05-21 02:39:27.50056,0,2520,2520,10.100136,0.9668,0.04955601692199707
2018-05-21 02:39:27.55331,0,2530,2530,16.072853,0.9606,0.0527501106262207
2018-05-21 02:39:27.60120,0,2540,2540,18.250648,0.9666,0.047894954681396484
2018-05-21 02:39:27.65007,0,2550,2550,15.53559,0.9652,0.04886794090270996
2018-05-21 02:39:27.70596,0,2560,2560,11.175134,0.967,0.055891990661621094
2018-05-21 02:39:27.75634,0,2570,2570,16.491581,0.9628,0.05038094520568848
2018-05-21 02:39:27.80589,0,2580,2580,7.384956,0.9604,0.04955101013183594
2018-05-21 02:39:27.85968,0,2590,2590,12.43561,0.9694,0.05378413200378418
2018-05-21 02:39:27.91270,0,2600,2600,0.97575617,0.9712,0.05302000045776367
2018-05-21 02:39:27.96406,0,2610,2610,4.807471,0.9702,0.05136394500732422
2018-05-21 02:39:28.01613,0,2620,2620,4.9217763,0.9696,0.052073001861572266
2018-05-21 02:39:28.06477,0,2630,2630,4.6150513,0.9674,0.048635005950927734
2018-05-21 02:39:28.11427,0,2640,2640,11.444788,0.9708,0.04949593544006348
2018-05-21 02:39:28.16818,0,2650,2650,15.361525,0.969,0.05391812324523926
2018-05-21 02:39:28.21906,0,2660,2660,9.37884,0.957,0.05087590217590332
2018-05-21 02:39:28.26740,0,2670,2670,6.419531,0.961,0.048339128494262695
2018-05-21 02:39:28.31697,0,2680,2680,1.2030807,0.968,0.049568891525268555
2018-05-21 02:39:28.36817,0,2690,2690,3.0782747,0.9712,0.05120110511779785
2018-05-21 02:39:28.41954,0,2700,2700,5.6485577,0.967,0.05136680603027344
2018-05-21 02:39:28.47244,0,2710,2710,20.95481,0.9658,0.052903175354003906
2018-05-21 02:39:28.51774,0,2720,2720,15.01371,0.9716,0.045297861099243164
2018-05-21 02:39:28.56645,0,2730,2730,13.940687,0.968,0.04871511459350586
2018-05-21 02:39:28.61750,0,2740,2740,9.311913,0.9682,0.05104684829711914
2018-05-21 02:39:28.66437,0,2750,2750,4.294049,0.9642,0.04687213897705078
2018-05-21 02:39:28.80509,0,2760,2760,5.7059827,0.9688,0.1407179832458496
2018-05-21 02:39:28.85254,0,2770,2770,12.7696705,0.9702,0.04745292663574219
2018-05-21 02:39:28.89807,0,2780,2780,1.176068,0.969,0.04552602767944336
2018-05-21 02:39:28.94631,0,2790,2790,4.730564,0.967,0.048246145248413086
2018-05-21 02:39:28.99979,0,2800,2800,1.2465488,0.9712,0.05347800254821777
2018-05-21 02:39:29.04736,0,2810,2810,0.5544707,0.9682,0.04757285118103027
2018-05-21 02:39:29.09938,0,2820,2820,1.2546558,0.9724,0.05201411247253418
2018-05-21 02:39:29.14897,0,2830,2830,9.880375,0.972,0.049592018127441406
2018-05-21 02:39:29.19712,0,2840,2840,3.3745754,0.9712,0.048146963119506836
2018-05-21 02:39:29.24830,0,2850,2850,2.45738,0.9712,0.05118584632873535
2018-05-21 02:39:29.29895,0,2860,2860,0.9097875,0.9698,0.050646066665649414
2018-05-21 02:39:29.34770,0,2870,2870,0.53884184,0.9714,0.048745155334472656
2018-05-21 02:39:29.39362,0,2880,2880,0.2670053,0.9714,0.04592084884643555
2018-05-21 02:39:29.43857,0,2890,2890,19.804983,0.968,0.04495811462402344
2018-05-21 02:39:29.48611,0,2900,2900,4.075012,0.9686,0.047540903091430664
2018-05-21 02:39:29.53342,0,2910,2910,3.4064884,0.9688,0.04730796813964844
2018-05-21 02:39:29.58028,0,2920,2920,9.500286,0.97,0.04685711860656738
2018-05-21 02:39:29.62741,0,2930,2930,17.429531,0.9714,0.0471339225769043
2018-05-21 02:39:29.67352,0,2940,2940,4.751897,0.967,0.04610300064086914
2018-05-21 02:39:29.71995,0,2950,2950,3.1467996,0.9708,0.04643511772155762
2018-05-21 02:39:29.76733,0,2960,2960,2.0823846,0.9678,0.04737591743469238
2018-05-21 02:39:29.81480,0,2970,2970,4.9522886,0.972,0.04747605323791504
2018-05-21 02:39:29.86048,0,2980,2980,9.641568,0.9676,0.04567289352416992
2018-05-21 02:39:29.90744,0,2990,2990,6.1981583,0.9704,0.046961069107055664
2018-05-21 02:39:29.95477,0,3000,3000,1.1442401,0.971,0.04732704162597656
2018-05-21 02:39:30.00107,0,3010,3010,5.712908,0.9698,0.04630899429321289
2018-05-21 02:39:30.04807,0,3020,3020,1.3489008,0.9704,0.046991825103759766
2018-05-21 02:39:30.09602,0,3030,3030,12.8744955,0.9676,0.047953128814697266
2018-05-21 02:39:30.14588,0,3040,3040,12.827668,0.9734,0.049865007400512695
2018-05-21 02:39:30.19493,0,3050,3050,0.31668955,0.9696,0.0490419864654541
2018-05-21 02:39:30.24608,0,3060,3060,12.560996,0.9678,0.05115699768066406
2018-05-21 02:39:30.29929,0,3070,3070,9.498663,0.9724,0.05320286750793457
2018-05-21 02:39:30.35187,0,3080,3080,2.683433,0.9712,0.0525820255279541
2018-05-21 02:39:30.40142,0,3090,3090,1.222397,0.9742,0.04955101013183594
2018-05-21 02:39:30.45002,0,3100,3100,20.834236,0.9718,0.048597097396850586
2018-05-21 02:39:30.49782,0,3110,3110,0.5669203,0.969,0.047801971435546875
2018-05-21 02:39:30.54452,0,3120,3120,5.346634,0.971,0.04669904708862305
2018-05-21 02:39:30.58837,0,3130,3130,9.606047,0.968,0.0438539981842041
2018-05-21 02:39:30.63379,0,3140,3140,2.4489944,0.9666,0.04541587829589844
2018-05-21 02:39:30.67969,0,3150,3150,12.330358,0.9676,0.04590415954589844
2018-05-21 02:39:30.72596,0,3160,3160,5.3835697,0.9698,0.04627180099487305
2018-05-21 02:39:30.77456,0,3170,3170,11.033643,0.966,0.04859304428100586
2018-05-21 02:39:30.82470,0,3180,3180,4.9727926,0.9588,0.05014204978942871
2018-05-21 02:39:30.87199,0,3190,3190,8.682584,0.9654,0.04729008674621582
2018-05-21 02:39:30.91829,0,3200,3200,2.701099,0.9616,0.04630398750305176
2018-05-21 02:39:30.96605,0,3210,3210,14.666232,0.9672,0.04775595664978027
2018-05-21 02:39:31.01303,0,3220,3220,2.2947807,0.9692,0.04697990417480469
2018-05-21 02:39:31.05892,0,3230,3230,4.5939126,0.9644,0.04589700698852539
2018-05-21 02:39:31.10729,0,3240,3240,1.7166812,0.9666,0.048362016677856445
2018-05-21 02:39:31.15532,0,3250,3250,2.991175,0.9724,0.048033952713012695
2018-05-21 02:39:31.20018,0,3260,3260,10.26601,0.9712,0.044863224029541016
2018-05-21 02:39:31.24694,0,3270,3270,1.1903254,0.9632,0.04675793647766113
2018-05-21 02:39:31.29534,0,3280,3280,7.576543,0.9682,0.048397064208984375
2018-05-21 02:39:31.33989,0,3290,3290,1.6213837,0.9694,0.044545888900756836
2018-05-21 02:39:31.38433,0,3300,3300,1.7254181,0.967,0.044447898864746094
2018-05-21 02:39:31.51827,0,3310,3310,3.2151093,0.9702,0.13393211364746094
2018-05-21 02:39:31.56523,0,3320,3320,7.0736575,0.9716,0.046961069107055664
2018-05-21 02:39:31.61239,0,3330,3330,0.40405318,0.9704,0.047163963317871094
2018-05-21 02:39:31.66088,0,3340,3340,0.14251159,0.9714,0.048486948013305664
2018-05-21 02:39:31.70964,0,3350,3350,3.4530737,0.9734,0.04875993728637695
2018-05-21 02:39:31.75669,0,3360,3360,0.6606072,0.9698,0.04704904556274414
2018-05-21 02:39:31.80440,0,3370,3370,9.452521,0.9682,0.04771900177001953
2018-05-21 02:39:31.85216,0,3380,3380,6.711835,0.9638,0.04775190353393555
2018-05-21 02:39:31.90052,0,3390,3390,2.49717,0.9678,0.048365116119384766
2018-05-21 02:39:31.94895,0,3400,3400,6.4588175,0.9716,0.048429012298583984
2018-05-21 02:39:31.99522,0,3410,3410,6.970461,0.9678,0.04627394676208496
2018-05-21 02:39:32.04032,0,3420,3420,3.3373046,0.9704,0.04509115219116211
2018-05-21 02:39:32.08586,0,3430,3430,1.36302,0.9684,0.045542001724243164
2018-05-21 02:39:32.13469,0,3440,3440,3.4609911,0.9716,0.04883599281311035
2018-05-21 02:39:32.18138,0,3450,3450,7.954842,0.9702,0.04668784141540527
2018-05-21 02:39:32.22945,0,3460,3460,0.9609543,0.9692,0.04807114601135254
2018-05-21 02:39:32.27846,0,3470,3470,13.984716,0.9706,0.049008846282958984
2018-05-21 02:39:32.32960,0,3480,3480,6.7392817,0.9716,0.051136016845703125
2018-05-21 02:39:32.37956,0,3490,3490,14.520352,0.9664,0.04996204376220703
2018-05-21 02:39:32.42717,0,3500,3500,1.9425278,0.9702,0.047605037689208984
2018-05-21 02:39:32.47215,0,3510,3510,4.9445887,0.9678,0.04498100280761719
2018-05-21 02:39:32.51862,0,3520,3520,16.395622,0.9688,0.046473026275634766
2018-05-21 02:39:32.56633,0,3530,3530,13.736062,0.9694,0.047711849212646484
2018-05-21 02:39:32.61574,0,3540,3540,13.57303,0.969,0.049407005310058594
2018-05-21 02:39:32.66432,0,3550,3550,20.929502,0.9682,0.04858112335205078
2018-05-21 02:39:32.71337,0,3560,3560,0.59840775,0.9714,0.04904794692993164
2018-05-21 02:39:32.76433,0,3570,3570,11.450827,0.9748,0.0509641170501709
2018-05-21 02:39:32.81260,0,3580,3580,14.175975,0.9654,0.04826498031616211
2018-05-21 02:39:32.86116,0,3590,3590,8.416542,0.9736,0.048568010330200195
2018-05-21 02:39:32.91139,0,3600,3600,12.477661,0.9692,0.05022287368774414
2018-05-21 02:39:32.96229,0,3610,3610,21.18059,0.9666,0.05089998245239258
2018-05-21 02:39:33.01215,0,3620,3620,9.093709,0.972,0.04986715316772461
2018-05-21 02:39:33.06068,0,3630,3630,2.9143925,0.9688,0.04852294921875
2018-05-21 02:39:33.11076,0,3640,3640,7.438589,0.9692,0.050084829330444336
2018-05-21 02:39:33.16091,0,3650,3650,3.2161129,0.9682,0.05015206336975098
2018-05-21 02:39:33.20995,0,3660,3660,6.332439,0.969,0.04903411865234375
2018-05-21 02:39:33.25687,0,3670,3670,1.8311287,0.968,0.046919822692871094
2018-05-21 02:39:33.30398,0,3680,3680,1.0964062,0.975,0.047116994857788086
2018-05-21 02:39:33.35262,0,3690,3690,23.190489,0.974,0.04863905906677246
2018-05-21 02:39:33.40095,0,3700,3700,19.328629,0.9676,0.0483241081237793
2018-05-21 02:39:33.44917,0,3710,3710,3.4873216,0.9696,0.048219919204711914
2018-05-21 02:39:33.49723,0,3720,3720,0.7407121,0.9704,0.04805707931518555
2018-05-21 02:39:33.54645,0,3730,3730,5.381383,0.9678,0.049223899841308594
2018-05-21 02:39:33.59646,0,3740,3740,3.0136368,0.9708,0.05000805854797363
2018-05-21 02:39:33.64653,0,3750,3750,5.484888,0.9728,0.05007004737854004
2018-05-21 02:39:33.69735,0,3760,3760,0.8858943,0.973,0.050824880599975586
2018-05-21 02:39:33.74786,0,3770,3770,5.561693,0.9674,0.05051112174987793
2018-05-21 02:39:33.79745,0,3780,3780,4.8718266,0.9708,0.04958796501159668
2018-05-21 02:39:33.84497,0,3790,3790,20.112274,0.9758,0.04752206802368164
2018-05-21 02:39:33.89318,0,3800,3800,7.7495327,0.9742,0.04820990562438965
2018-05-21 02:39:33.94165,0,3810,3810,1.5517273,0.972,0.048471927642822266
2018-05-21 02:39:33.99263,0,3820,3820,9.34376,0.9734,0.05097818374633789
2018-05-21 02:39:34.04404,0,3830,3830,0.8973471,0.9692,0.051409006118774414
2018-05-21 02:39:34.09255,0,3840,3840,0.13707334,0.9696,0.04850888252258301
2018-05-21 02:39:34.14188,0,3850,3850,6.556713,0.9728,0.049324989318847656
2018-05-21 02:39:34.30131,0,3860,3860,2.6058326,0.9702,0.15943312644958496
2018-05-21 02:39:34.35756,0,3870,3870,4.379574,0.975,0.05624985694885254
2018-05-21 02:39:34.40479,0,3880,3880,6.410418,0.9738,0.047228097915649414
2018-05-21 02:39:34.45228,0,3890,3890,10.925413,0.971,0.04749703407287598
2018-05-21 02:39:34.50103,0,3900,3900,1.2481637,0.971,0.048750877380371094
2018-05-21 02:39:34.54950,0,3910,3910,2.3883946,0.9708,0.048460960388183594
2018-05-21 02:39:34.59571,0,3920,3920,1.8806658,0.9704,0.04621100425720215
2018-05-21 02:39:34.64316,0,3930,3930,2.3952386,0.9708,0.04745602607727051
2018-05-21 02:39:34.69191,0,3940,3940,7.922627,0.9724,0.04874992370605469
2018-05-21 02:39:34.74062,0,3950,3950,12.539649,0.9734,0.04870915412902832
2018-05-21 02:39:34.78888,0,3960,3960,12.720546,0.971,0.04825401306152344
2018-05-21 02:39:34.83346,0,3970,3970,0.99045086,0.9714,0.04457902908325195
2018-05-21 02:39:34.88149,0,3980,3980,3.8045201,0.9756,0.048033952713012695
2018-05-21 02:39:34.92852,0,3990,3990,1.1066608,0.9758,0.047035932540893555
2018-05-21 02:39:34.97424,0,4000,4000,0.48031217,0.9734,0.045712947845458984
2018-05-21 02:39:35.01884,0,4010,4010,8.720979,0.9674,0.044602155685424805
2018-05-21 02:39:35.06603,0,4020,4020,3.1681414,0.9692,0.04719281196594238
2018-05-21 02:39:35.11551,0,4030,4030,7.3843675,0.9738,0.049479007720947266
2018-05-21 02:39:35.16405,0,4040,4040,5.5109687,0.974,0.048539161682128906
2018-05-21 02:39:35.21222,0,4050,4050,21.104155,0.9722,0.048169851303100586
2018-05-21 02:39:35.25955,0,4060,4060,4.5522194,0.9712,0.047332048416137695
2018-05-21 02:39:35.30887,0,4070,4070,1.2177578,0.9676,0.04931807518005371
2018-05-21 02:39:35.35559,0,4080,4080,7.3534603,0.9666,0.046714067459106445
2018-05-21 02:39:35.40303,0,4090,4090,0.63407534,0.9684,0.04744601249694824
2018-05-21 02:39:35.44805,0,4100,4100,3.5344374,0.9668,0.04501485824584961
2018-05-21 02:39:35.50102,0,4110,4110,0.6872777,0.9652,0.05297398567199707
2018-05-21 02:39:35.55185,0,4120,4120,4.8324995,0.971,0.050827980041503906
2018-05-21 02:39:35.60165,0,4130,4130,7.551379,0.9726,0.04979896545410156
2018-05-21 02:39:35.64852,0,4140,4140,0.12935974,0.9686,0.046875
2018-05-21 02:39:35.69537,0,4150,4150,14.935055,0.9676,0.04685211181640625
2018-05-21 02:39:35.74117,0,4160,4160,2.348083,0.973,0.04579901695251465
2018-05-21 02:39:35.78809,0,4170,4170,9.734477,0.9682,0.04691791534423828
2018-05-21 02:39:35.83450,0,4180,4180,12.123392,0.9698,0.04641103744506836
2018-05-21 02:39:35.88082,0,4190,4190,0.97578806,0.9708,0.04631304740905762
2018-05-21 02:39:35.93005,0,4200,4200,14.162284,0.9708,0.04923200607299805
2018-05-21 02:39:35.97788,0,4210,4210,8.896734,0.969,0.047837018966674805
2018-05-21 02:39:36.02331,0,4220,4220,8.865585,0.9678,0.0454258918762207
2018-05-21 02:39:36.06985,0,4230,4230,0.84113896,0.97,0.04654407501220703
2018-05-21 02:39:36.11687,0,4240,4240,22.266376,0.9706,0.047013044357299805
2018-05-21 02:39:36.16446,0,4250,4250,0.19552019,0.9694,0.04759383201599121
2018-05-21 02:39:36.21262,0,4260,4260,5.154473,0.9726,0.048156023025512695
2018-05-21 02:39:36.26045,0,4270,4270,2.8492262,0.9726,0.04783201217651367
2018-05-21 02:39:36.30976,0,4280,4280,10.536383,0.9678,0.049314022064208984
2018-05-21 02:39:36.35655,0,4290,4290,2.9632692,0.965,0.04678606986999512
2018-05-21 02:39:36.40388,0,4300,4300,4.844822,0.9658,0.04733586311340332
2018-05-21 02:39:36.45251,0,4310,4310,11.446833,0.9712,0.04862809181213379
2018-05-21 02:39:36.50157,0,4320,4320,11.768303,0.9656,0.04905509948730469
2018-05-21 02:39:36.54945,0,4330,4330,1.3851799,0.966,0.04788494110107422
2018-05-21 02:39:36.59804,0,4340,4340,2.6082017,0.9618,0.048583984375
2018-05-21 02:39:36.64694,0,4350,4350,0.55612415,0.9708,0.04889988899230957
2018-05-21 02:39:36.69566,0,4360,4360,5.0811853,0.968,0.048722028732299805
2018-05-21 02:39:36.74675,0,4370,4370,20.443691,0.9692,0.051087141036987305
2018-05-21 02:39:36.79585,0,4380,4380,2.6433907,0.9694,0.04909992218017578
2018-05-21 02:39:36.84448,0,4390,4390,8.698691,0.966,0.04863691329956055
2018-05-21 02:39:36.89070,0,4400,4400,10.380292,0.964,0.0462191104888916
2018-05-21 02:39:37.02567,0,4410,4410,18.482609,0.972,0.13496804237365723
2018-05-21 02:39:37.07278,0,4420,4420,1.0471569,0.9694,0.04710793495178223
2018-05-21 02:39:37.11793,0,4430,4430,1.9513943,0.97,0.045152902603149414
2018-05-21 02:39:37.16360,0,4440,4440,1.5857747,0.9692,0.04567098617553711
2018-05-21 02:39:37.20999,0,4450,4450,0.42803383,0.9692,0.04638409614562988
2018-05-21 02:39:37.25767,0,4460,4460,4.69165,0.9702,0.047688961029052734
2018-05-21 02:39:37.30520,0,4470,4470,4.4775524,0.9708,0.04752206802368164
2018-05-21 02:39:37.35190,0,4480,4480,5.840861,0.971,0.0467069149017334
2018-05-21 02:39:37.40121,0,4490,4490,7.2154245,0.9694,0.049304962158203125
2018-05-21 02:39:37.45141,0,4500,4500,8.25745,0.9678,0.05019807815551758
2018-05-21 02:39:37.50090,0,4510,4510,6.9095964,0.9678,0.049488067626953125
2018-05-21 02:39:37.54883,0,4520,4520,8.388143,0.9734,0.04793286323547363
2018-05-21 02:39:37.59944,0,4530,4530,3.45531,0.9728,0.050611019134521484
2018-05-21 02:39:37.64708,0,4540,4540,12.170706,0.972,0.04764509201049805
2018-05-21 02:39:37.69657,0,4550,4550,4.6512527,0.9702,0.04948997497558594
2018-05-21 02:39:37.74326,0,4560,4560,3.3415709,0.971,0.046688079833984375
2018-05-21 02:39:37.79142,0,4570,4570,0.60745835,0.965,0.04816102981567383
2018-05-21 02:39:37.83788,0,4580,4580,6.7520094,0.9714,0.04645490646362305
2018-05-21 02:39:37.88561,0,4590,4590,1.026978,0.9716,0.04773306846618652
2018-05-21 02:39:37.93339,0,4600,4600,2.8717716,0.9712,0.04778003692626953
2018-05-21 02:39:37.98174,0,4610,4610,4.0733147,0.9732,0.04834699630737305
2018-05-21 02:39:38.03137,0,4620,4620,10.7665825,0.9726,0.04963088035583496
2018-05-21 02:39:38.07948,0,4630,4630,11.2087755,0.974,0.048110008239746094
2018-05-21 02:39:38.12711,0,4640,4640,8.454543,0.9736,0.04762601852416992
2018-05-21 02:39:38.17416,0,4650,4650,14.503055,0.9718,0.04705691337585449
2018-05-21 02:39:38.22100,0,4660,4660,0.39866805,0.974,0.04683804512023926
2018-05-21 02:39:38.27168,0,4670,4670,6.180093,0.971,0.05068492889404297
2018-05-21 02:39:38.31883,0,4680,4680,10.101128,0.9716,0.047144174575805664
2018-05-21 02:39:38.36584,0,4690,4690,0.2930923,0.9732,0.04701089859008789
2018-05-21 02:39:38.41629,0,4700,4700,4.2970624,0.9726,0.05045199394226074
2018-05-21 02:39:38.46678,0,4710,4710,15.781536,0.9716,0.05048799514770508
2018-05-21 02:39:38.51601,0,4720,4720,1.1251014,0.9752,0.0492250919342041
2018-05-21 02:39:38.56502,0,4730,4730,9.501333,0.9726,0.04901599884033203
2018-05-21 02:39:38.61215,0,4740,4740,0.20473783,0.9744,0.04713106155395508
2018-05-21 02:39:38.65961,0,4750,4750,0.8696049,0.9724,0.04746198654174805
2018-05-21 02:39:38.70762,0,4760,4760,3.844212,0.972,0.04800701141357422
2018-05-21 02:39:38.75717,0,4770,4770,2.528027,0.9704,0.049553871154785156
2018-05-21 02:39:38.80602,0,4780,4780,5.360971,0.9736,0.04884004592895508
2018-05-21 02:39:38.85781,0,4790,4790,0.20444168,0.9712,0.05179405212402344
2018-05-21 02:39:38.90843,0,4800,4800,4.5167494,0.975,0.05062103271484375
2018-05-21 02:39:38.95803,0,4810,4810,3.3536735,0.9764,0.04960179328918457
2018-05-21 02:39:39.00669,0,4820,4820,3.2652822,0.9678,0.04865312576293945
2018-05-21 02:39:39.05640,0,4830,4830,0.24386671,0.9696,0.04971504211425781
2018-05-21 02:39:39.10444,0,4840,4840,15.748454,0.9724,0.04803895950317383
2018-05-21 02:39:39.15240,0,4850,4850,1.5867876,0.9752,0.04796195030212402
2018-05-21 02:39:39.19914,0,4860,4860,12.37051,0.9736,0.046742916107177734
2018-05-21 02:39:39.25126,0,4870,4870,0.62469125,0.9698,0.05211210250854492
2018-05-21 02:39:39.30331,0,4880,4880,0.36030552,0.9712,0.05205702781677246
2018-05-21 02:39:39.35557,0,4890,4890,4.209797,0.972,0.05225491523742676
2018-05-21 02:39:39.40653,0,4900,4900,5.0629215,0.9696,0.05095815658569336
2018-05-21 02:39:39.45732,0,4910,4910,11.748262,0.9676,0.050798892974853516
2018-05-21 02:39:39.50751,0,4920,4920,5.517817,0.971,0.050184011459350586
2018-05-21 02:39:39.55843,0,4930,4930,4.2305245,0.9712,0.05092191696166992
2018-05-21 02:39:39.60799,0,4940,4940,1.8299443,0.9682,0.0495610237121582
2018-05-21 02:39:39.65708,0,4950,4950,0.9194304,0.9708,0.049085140228271484
2018-05-21 02:39:39.80959,0,4960,4960,1.7916733,0.9718,0.15251493453979492
2018-05-21 02:39:39.86012,0,4970,4970,3.2612877,0.9672,0.050523996353149414
2018-05-21 02:39:39.90966,0,4980,4980,2.4748623,0.9698,0.04954409599304199
2018-05-21 02:39:39.95892,0,4990,4990,7.5908647,0.9736,0.04925990104675293
2018-05-21 02:39:40.00849,0,5000,5000,1.5581462,0.9716,0.04956507682800293
2018-05-21 02:39:40.05558,0,5010,5010,2.7342203,0.9718,0.04709291458129883
2018-05-21 02:39:40.10285,0,5020,5020,9.662437,0.9746,0.04727005958557129
2018-05-21 02:39:40.14983,0,5030,5030,1.9372691,0.971,0.04698586463928223
2018-05-21 02:39:40.19777,0,5040,5040,4.9465265,0.9704,0.04793906211853027
2018-05-21 02:39:40.24671,0,5050,5050,0.9868705,0.968,0.048937082290649414
2018-05-21 02:39:40.29683,0,5060,5060,5.7829604,0.9734,0.05011701583862305
2018-05-21 02:39:40.34643,0,5070,5070,9.990726,0.975,0.04959893226623535
2018-05-21 02:39:40.39562,0,5080,5080,3.4039054,0.9734,0.04919695854187012
2018-05-21 02:39:40.44354,0,5090,5090,0.0742378,0.9734,0.04791998863220215
2018-05-21 02:39:40.49165,0,5100,5100,18.459433,0.9728,0.04810309410095215
2018-05-21 02:39:40.54463,0,5110,5110,1.7663144,0.9708,0.05298495292663574
2018-05-21 02:39:40.59381,0,5120,5120,4.3644843,0.9724,0.04918098449707031
2018-05-21 02:39:40.64338,0,5130,5130,2.874379,0.9728,0.04957103729248047
2018-05-21 02:39:40.69088,0,5140,5140,0.35004184,0.973,0.04749798774719238
2018-05-21 02:39:40.73782,0,5150,5150,7.7474337,0.9726,0.046936988830566406
2018-05-21 02:39:40.78519,0,5160,5160,0.9495382,0.9696,0.04737091064453125
2018-05-21 02:39:40.83344,0,5170,5170,2.0147872,0.9714,0.048254966735839844
2018-05-21 02:39:40.87954,0,5180,5180,1.5185071,0.9712,0.04609823226928711
2018-05-21 02:39:40.92873,0,5190,5190,0.3454682,0.9688,0.049182891845703125
2018-05-21 02:39:40.97958,0,5200,5200,9.098904,0.9696,0.050859928131103516
2018-05-21 02:39:41.02645,0,5210,5210,0.19844124,0.9742,0.04686999320983887
2018-05-21 02:39:41.07381,0,5220,5220,7.4073896,0.9708,0.04735612869262695
2018-05-21 02:39:41.12176,0,5230,5230,3.8223813,0.9686,0.04794883728027344
2018-05-21 02:39:41.17171,0,5240,5240,0.56778586,0.9694,0.04994606971740723
2018-05-21 02:39:41.22090,0,5250,5250,6.002221,0.971,0.04919004440307617
2018-05-21 02:39:41.26951,0,5260,5260,0.47589445,0.9716,0.04861092567443848
2018-05-21 02:39:41.31700,0,5270,5270,1.1524835,0.9666,0.047489166259765625
2018-05-21 02:39:41.36412,0,5280,5280,2.105539,0.9682,0.0471189022064209
2018-05-21 02:39:41.41082,0,5290,5290,5.543315,0.9698,0.04670596122741699
2018-05-21 02:39:41.45940,0,5300,5300,4.792091,0.9694,0.04858112335205078
2018-05-21 02:39:41.50647,0,5310,5310,0.4153577,0.9714,0.047070980072021484
2018-05-21 02:39:41.55318,0,5320,5320,7.646518,0.9696,0.046707868576049805
2018-05-21 02:39:41.60168,0,5330,5330,0.28488976,0.9684,0.04849600791931152
2018-05-21 02:39:41.65015,0,5340,5340,8.291794,0.9674,0.04846811294555664
2018-05-21 02:39:41.69702,0,5350,5350,0.16132157,0.9702,0.04687905311584473
2018-05-21 02:39:41.74472,0,5360,5360,0.6244875,0.9704,0.04769778251647949
2018-05-21 02:39:41.79260,0,5370,5370,0.7196011,0.9738,0.047882080078125
2018-05-21 02:39:41.83981,0,5380,5380,3.7285674,0.9708,0.04720497131347656
2018-05-21 02:39:41.88932,0,5390,5390,8.189771,0.9704,0.04951310157775879
2018-05-21 02:39:41.93889,0,5400,5400,1.8288982,0.9726,0.04956698417663574
2018-05-21 02:39:41.98567,0,5410,5410,2.658947,0.9704,0.046781063079833984
2018-05-21 02:39:42.03506,0,5420,5420,4.3975306,0.9724,0.049394845962524414
2018-05-21 02:39:42.08315,0,5430,5430,10.039696,0.9708,0.04808211326599121
2018-05-21 02:39:42.13396,0,5440,5440,8.956659,0.9708,0.050817012786865234
2018-05-21 02:39:42.18342,0,5450,5450,17.526367,0.9662,0.049453020095825195
2018-05-21 02:39:42.23141,0,5460,5460,3.981663,0.9696,0.04799199104309082
2018-05-21 02:39:42.27973,0,5470,5470,0.15435398,0.9676,0.048317909240722656
2018-05-21 02:39:42.32903,0,5480,5480,20.60356,0.9714,0.0493009090423584
2018-05-21 02:39:42.37975,0,5490,5490,15.293209,0.9732,0.05072617530822754
2018-05-21 02:39:42.42841,0,5500,5500,0.97429836,0.9708,0.04865097999572754
2018-05-21 02:39:42.58080,0,5510,5510,4.3309307,0.9724,0.15239405632019043
2018-05-21 02:39:42.63274,0,5520,5520,2.6185832,0.97,0.05193781852722168
2018-05-21 02:39:42.67921,0,5530,5530,0.13590884,0.9718,0.0464780330657959
2018-05-21 02:39:42.72481,0,5540,5540,9.774912,0.9744,0.04559206962585449
2018-05-21 02:39:42.77069,0,5550,5550,5.224493,0.9728,0.045886993408203125
2018-05-21 02:39:42.81824,0,5560,5560,10.469984,0.9764,0.04754996299743652
2018-05-21 02:39:42.86451,0,5570,5570,0.20171139,0.9712,0.046263933181762695
2018-05-21 02:39:42.90968,0,5580,5580,0.43609107,0.9722,0.04516911506652832
2018-05-21 02:39:42.95243,0,5590,5590,1.2736773,0.975,0.042756080627441406
2018-05-21 02:39:42.99681,0,5600,5600,13.2391,0.975,0.044377803802490234
2018-05-21 02:39:43.04299,0,5610,5610,1.0708761,0.9726,0.04617619514465332
2018-05-21 02:39:43.09000,0,5620,5620,6.476454,0.9738,0.04701089859008789
2018-05-21 02:39:43.13658,0,5630,5630,6.203791,0.9744,0.04657888412475586
2018-05-21 02:39:43.18360,0,5640,5640,3.9356961,0.9736,0.047025203704833984
2018-05-21 02:39:43.23090,0,5650,5650,0.4719131,0.973,0.04729294776916504
2018-05-21 02:39:43.28070,0,5660,5660,3.1614926,0.975,0.04980301856994629
2018-05-21 02:39:43.32941,0,5670,5670,6.0178676,0.9728,0.04871392250061035
2018-05-21 02:39:43.37860,0,5680,5680,6.1266026,0.9738,0.049189090728759766
2018-05-21 02:39:43.42929,0,5690,5690,4.403767,0.9736,0.050691843032836914
2018-05-21 02:39:43.47969,0,5700,5700,2.2713408,0.9724,0.050395965576171875
2018-05-21 02:39:43.52969,0,5710,5710,0.3861338,0.9716,0.04999899864196777
2018-05-21 02:39:43.57605,0,5720,5720,38.56805,0.9702,0.04636502265930176
2018-05-21 02:39:43.62341,0,5730,5730,1.3551885,0.9652,0.04735302925109863
2018-05-21 02:39:43.67341,0,5740,5740,3.869243,0.9694,0.05000805854797363
2018-05-21 02:39:43.72185,0,5750,5750,2.917227,0.967,0.048438072204589844
2018-05-21 02:39:43.77050,0,5760,5760,2.8091671,0.968,0.048651933670043945
2018-05-21 02:39:43.82111,0,5770,5770,9.223452,0.9712,0.05060601234436035
2018-05-21 02:39:43.86767,0,5780,5780,1.3232074,0.9724,0.04655790328979492
2018-05-21 02:39:43.91375,0,5790,5790,28.968025,0.9694,0.046087026596069336
2018-05-21 02:39:43.96112,0,5800,5800,0.58472914,0.969,0.04736208915710449
2018-05-21 02:39:44.00743,0,5810,5810,12.912372,0.9674,0.04630899429321289
2018-05-21 02:39:44.05603,0,5820,5820,19.681927,0.9684,0.048599958419799805
2018-05-21 02:39:44.10458,0,5830,5830,5.6773243,0.9732,0.04855799674987793
2018-05-21 02:39:44.15210,0,5840,5840,10.160145,0.9714,0.04751992225646973
2018-05-21 02:39:44.20088,0,5850,5850,3.5399437,0.9696,0.04877114295959473
2018-05-21 02:39:44.24821,0,5860,5860,3.4862773,0.9722,0.04733705520629883
2018-05-21 02:39:44.29614,0,5870,5870,7.421454,0.9726,0.04793190956115723
2018-05-21 02:39:44.34621,0,5880,5880,12.452162,0.9716,0.05007004737854004
2018-05-21 02:39:44.39660,0,5890,5890,1.7128865,0.9706,0.05038785934448242
2018-05-21 02:39:44.44592,0,5900,5900,0.52414554,0.9684,0.04932212829589844
2018-05-21 02:39:44.49357,0,5910,5910,24.517006,0.9704,0.04764986038208008
2018-05-21 02:39:44.54192,0,5920,5920,19.523497,0.9726,0.04835009574890137
2018-05-21 02:39:44.59019,0,5930,5930,8.974206,0.9724,0.04826998710632324
2018-05-21 02:39:44.63837,0,5940,5940,1.4809885,0.9708,0.048171043395996094
2018-05-21 02:39:44.68480,0,5950,5950,14.065753,0.9732,0.0464320182800293
2018-05-21 02:39:44.73140,0,5960,5960,1.1892093,0.974,0.046601057052612305
2018-05-21 02:39:44.77548,0,5970,5970,2.4622786,0.9726,0.04407978057861328
2018-05-21 02:39:44.82449,0,5980,5980,8.473527,0.9674,0.04901599884033203
2018-05-21 02:39:44.87211,0,5990,5990,4.4882812,0.9668,0.04762005805969238
2018-05-21 02:39:44.92247,0,6000,6000,5.429549,0.9686,0.050356149673461914
2018-05-21 02:39:44.97210,0,6010,6010,4.816427,0.969,0.04963183403015137
2018-05-21 02:39:45.02181,0,6020,6020,12.419503,0.9714,0.04970502853393555
2018-05-21 02:39:45.07134,0,6030,6030,3.3650348,0.9712,0.04953193664550781
2018-05-21 02:39:45.12355,0,6040,6040,6.351116,0.9732,0.05220818519592285
2018-05-21 02:39:45.18307,0,6050,6050,8.594814,0.9732,0.05952596664428711
2018-05-21 02:39:45.32736,0,6060,6060,7.4562597,0.971,0.1442880630493164
2018-05-21 02:39:45.37210,0,6070,6070,4.2271514,0.971,0.04473686218261719
2018-05-21 02:39:45.41856,0,6080,6080,2.5236418,0.9714,0.04646492004394531
2018-05-21 02:39:45.46690,0,6090,6090,0.19415921,0.9742,0.048333168029785156
2018-05-21 02:39:45.51578,0,6100,6100,1.7248325,0.9726,0.04888105392456055
2018-05-21 02:39:45.56319,0,6110,6110,14.239425,0.9714,0.04741191864013672
2018-05-21 02:39:45.61274,0,6120,6120,0.38374868,0.9704,0.04955005645751953
2018-05-21 02:39:45.66007,0,6130,6130,3.1332688,0.9698,0.0473330020904541
2018-05-21 02:39:45.70760,0,6140,6140,0.639791,0.9736,0.04752779006958008
2018-05-21 02:39:45.75858,0,6150,6150,0.007012543,0.9732,0.05098104476928711
2018-05-21 02:39:45.80741,0,6160,6160,0.12588447,0.97,0.04883098602294922
2018-05-21 02:39:45.85476,0,6170,6170,1.5753384,0.9708,0.04735302925109863
2018-05-21 02:39:45.90086,0,6180,6180,0.42039514,0.9728,0.046098947525024414
2018-05-21 02:39:45.94926,0,6190,6190,4.502887,0.9742,0.048400163650512695
2018-05-21 02:39:45.99804,0,6200,6200,14.163608,0.9704,0.04877495765686035
2018-05-21 02:39:46.04747,0,6210,6210,0.9007744,0.9738,0.04943490028381348
2018-05-21 02:39:46.09745,0,6220,6220,3.8434572,0.973,0.0499720573425293
2018-05-21 02:39:46.14484,0,6230,6230,1.2501884,0.9706,0.047393083572387695
2018-05-21 02:39:46.19321,0,6240,6240,11.151291,0.9678,0.04837298393249512
2018-05-21 02:39:46.24092,0,6250,6250,4.378709,0.9712,0.047705888748168945
2018-05-21 02:39:46.29003,0,6260,6260,4.100547,0.9704,0.04911303520202637
2018-05-21 02:39:46.33766,0,6270,6270,14.285473,0.9668,0.04762911796569824
2018-05-21 02:39:46.38541,0,6280,6280,3.8634248,0.9684,0.04775381088256836
2018-05-21 02:39:46.43334,0,6290,6290,7.073072,0.9682,0.047921180725097656
2018-05-21 02:39:46.47895,0,6300,6300,12.89228,0.9702,0.045610904693603516
2018-05-21 02:39:46.52647,0,6310,6310,2.1554239,0.9692,0.04752206802368164
2018-05-21 02:39:46.57446,0,6320,6320,8.586776,0.9706,0.04799199104309082
2018-05-21 02:39:46.62018,0,6330,6330,13.948929,0.9712,0.04571700096130371
2018-05-21 02:39:46.66725,0,6340,6340,28.485985,0.9726,0.04707694053649902
2018-05-21 02:39:46.72167,0,6350,6350,24.043186,0.9712,0.054414987564086914
2018-05-21 02:39:46.77152,0,6360,6360,13.56362,0.9684,0.0498509407043457
2018-05-21 02:39:46.82212,0,6370,6370,18.277052,0.9664,0.050597190856933594
2018-05-21 02:39:46.87240,0,6380,6380,12.02653,0.97,0.050282955169677734
2018-05-21 02:39:46.91911,0,6390,6390,11.378633,0.9678,0.046713829040527344
2018-05-21 02:39:46.96758,0,6400,6400,8.684068,0.9686,0.04847002029418945
2018-05-21 02:39:47.01512,0,6410,6410,6.660779,0.9706,0.04753518104553223
2018-05-21 02:39:47.06478,0,6420,6420,2.9132824,0.968,0.049659013748168945
2018-05-21 02:39:47.12100,0,6430,6430,5.357662,0.9688,0.05621981620788574
2018-05-21 02:39:47.17101,0,6440,6440,17.721363,0.9706,0.05000805854797363
2018-05-21 02:39:47.22334,0,6450,6450,11.163515,0.9726,0.052330970764160156
2018-05-21 02:39:47.27262,0,6460,6460,4.9717484,0.9722,0.049282073974609375
2018-05-21 02:39:47.32060,0,6470,6470,10.806398,0.9708,0.04797697067260742
2018-05-21 02:39:47.37018,0,6480,6480,12.985151,0.971,0.04958391189575195
2018-05-21 02:39:47.41973,0,6490,6490,3.1443212,0.9718,0.049546003341674805
2018-05-21 02:39:47.46768,0,6500,6500,0.34203666,0.9724,0.04795718193054199
2018-05-21 02:39:47.51726,0,6510,6510,10.577203,0.9718,0.04957890510559082
2018-05-21 02:39:47.56750,0,6520,6520,0.93365127,0.9714,0.05023312568664551
2018-05-21 02:39:47.61464,0,6530,6530,8.7060585,0.9706,0.04714798927307129
2018-05-21 02:39:47.65981,0,6540,6540,6.6775756,0.9698,0.04516196250915527
2018-05-21 02:39:47.70628,0,6550,6550,6.9383955,0.9696,0.046473026275634766
2018-05-21 02:39:47.75159,0,6560,6560,3.7686272,0.971,0.04530692100524902
2018-05-21 02:39:47.79861,0,6570,6570,1.9883025,0.97,0.047020912170410156
2018-05-21 02:39:47.84823,0,6580,6580,0.417702,0.9694,0.04962897300720215
2018-05-21 02:39:47.89876,0,6590,6590,2.2835698,0.9678,0.050527095794677734
2018-05-21 02:39:47.94949,0,6600,6600,6.102478,0.9696,0.050726890563964844
2018-05-21 02:39:48.09912,0,6610,6610,1.8442676,0.972,0.14963006973266602
2018-05-21 02:39:48.14386,0,6620,6620,3.124988,0.9736,0.04474496841430664
2018-05-21 02:39:48.19184,0,6630,6630,1.5750461,0.9736,0.04797816276550293
2018-05-21 02:39:48.23855,0,6640,6640,3.584339,0.9752,0.0467069149017334
2018-05-21 02:39:48.28378,0,6650,6650,4.5348663,0.9748,0.04522991180419922
2018-05-21 02:39:48.33288,0,6660,6660,3.8004289,0.9732,0.04910111427307129
2018-05-21 02:39:48.38177,0,6670,6670,0.821036,0.9754,0.04889392852783203
2018-05-21 02:39:48.43002,0,6680,6680,0.016954316,0.9726,0.04824995994567871
2018-05-21 02:39:48.47754,0,6690,6690,9.68774,0.9746,0.04752016067504883
2018-05-21 02:39:48.52659,0,6700,6700,2.2370887,0.9758,0.0490419864654541
2018-05-21 02:39:48.57487,0,6710,6710,4.075082,0.9774,0.04828691482543945
2018-05-21 02:39:48.62433,0,6720,6720,0.759546,0.9696,0.049458980560302734
2018-05-21 02:39:48.67030,0,6730,6730,9.645681,0.975,0.045968055725097656
2018-05-21 02:39:48.71821,0,6740,6740,7.2762027,0.9716,0.04790687561035156
2018-05-21 02:39:48.76649,0,6750,6750,2.471683,0.972,0.04828500747680664
2018-05-21 02:39:48.81211,0,6760,6760,4.871367,0.9722,0.04561614990234375
2018-05-21 02:39:48.85750,0,6770,6770,7.017892,0.9712,0.045393943786621094
2018-05-21 02:39:48.90202,0,6780,6780,2.0821404,0.973,0.04452204704284668
2018-05-21 02:39:48.94938,0,6790,6790,0.19394067,0.9712,0.04735207557678223
2018-05-21 02:39:48.99787,0,6800,6800,1.6148747,0.9722,0.048497915267944336
2018-05-21 02:39:49.04430,0,6810,6810,10.860873,0.972,0.046421051025390625
2018-05-21 02:39:49.09099,0,6820,6820,4.408045,0.974,0.04669499397277832
2018-05-21 02:39:49.13715,0,6830,6830,6.097472,0.9732,0.046159982681274414
2018-05-21 02:39:49.18330,0,6840,6840,1.3139701,0.9738,0.046148061752319336
2018-05-21 02:39:49.23069,0,6850,6850,4.3586464,0.9758,0.04739189147949219
2018-05-21 02:39:49.27784,0,6860,6860,6.3846793,0.9748,0.047152042388916016
2018-05-21 02:39:49.32772,0,6870,6870,0.9860202,0.9704,0.049874067306518555
2018-05-21 02:39:49.37305,0,6880,6880,0.31927794,0.9732,0.04533195495605469
2018-05-21 02:39:49.42261,0,6890,6890,13.993288,0.9726,0.04955697059631348
2018-05-21 02:39:49.47210,0,6900,6900,1.3122182,0.9694,0.04949688911437988
2018-05-21 02:39:49.52235,0,6910,6910,2.78399,0.9734,0.05024909973144531
2018-05-21 02:39:49.57312,0,6920,6920,0.89288986,0.9722,0.05077195167541504
2018-05-21 02:39:49.62024,0,6930,6930,4.7558126,0.9698,0.047116994857788086
2018-05-21 02:39:49.66815,0,6940,6940,7.082778,0.9702,0.04790902137756348
2018-05-21 02:39:49.71581,0,6950,6950,14.268578,0.9734,0.04765892028808594
2018-05-21 02:39:49.76228,0,6960,6960,1.6199803,0.9738,0.046476125717163086
2018-05-21 02:39:49.80905,0,6970,6970,11.719855,0.97,0.0467679500579834
2018-05-21 02:39:49.85698,0,6980,6980,2.6672678,0.9694,0.0479280948638916
2018-05-21 02:39:49.90257,0,6990,6990,4.099023,0.971,0.045590877532958984
2018-05-21 02:39:49.94789,0,7000,7000,12.243847,0.969,0.045320987701416016
2018-05-21 02:39:49.99609,0,7010,7010,2.5775352,0.973,0.04819893836975098
2018-05-21 02:39:50.04607,0,7020,7020,2.1413624,0.97,0.049978017807006836
2018-05-21 02:39:50.09537,0,7030,7030,10.879649,0.971,0.049302101135253906
2018-05-21 02:39:50.14230,0,7040,7040,8.364376,0.9724,0.04693198204040527
2018-05-21 02:39:50.18952,0,7050,7050,5.6108584,0.9698,0.04722094535827637
2018-05-21 02:39:50.23698,0,7060,7060,19.038458,0.9696,0.04745817184448242
2018-05-21 02:39:50.28549,0,7070,7070,15.377378,0.966,0.04850482940673828
2018-05-21 02:39:50.33393,0,7080,7080,4.5129914,0.971,0.048441171646118164
2018-05-21 02:39:50.38251,0,7090,7090,14.371131,0.965,0.04858279228210449
2018-05-21 02:39:50.43358,0,7100,7100,23.165926,0.9718,0.05106997489929199
2018-05-21 02:39:50.48113,0,7110,7110,0.11405107,0.972,0.047547101974487305
2018-05-21 02:39:50.52810,0,7120,7120,3.3243835,0.9722,0.046968936920166016
2018-05-21 02:39:50.58066,0,7130,7130,0.2720954,0.9756,0.052558183670043945
2018-05-21 02:39:50.62899,0,7140,7140,5.219361,0.9728,0.04833078384399414
2018-05-21 02:39:50.67736,0,7150,7150,6.786608,0.9774,0.04837203025817871
2018-05-21 02:39:50.82595,0,7160,7160,0.503477,0.9756,0.14859700202941895
2018-05-21 02:39:50.87648,0,7170,7170,0.28839296,0.974,0.05052518844604492
2018-05-21 02:39:50.92410,0,7180,7180,1.4267837,0.9756,0.047616004943847656
2018-05-21 02:39:50.97083,0,7190,7190,4.9027357,0.9742,0.046730995178222656
2018-05-21 02:39:51.01751,0,7200,7200,2.1778355,0.975,0.04668283462524414
2018-05-21 02:39:51.06550,0,7210,7210,0.8112088,0.9724,0.04799008369445801
2018-05-21 02:39:51.11430,0,7220,7220,13.523373,0.9734,0.04880189895629883
2018-05-21 02:39:51.16128,0,7230,7230,1.2036345,0.9724,0.04697418212890625
2018-05-21 02:39:51.20845,0,7240,7240,5.239807,0.9728,0.04717278480529785
2018-05-21 02:39:51.25471,0,7250,7250,0.2559356,0.9748,0.04626321792602539
2018-05-21 02:39:51.30505,0,7260,7260,2.1018875,0.9758,0.050337791442871094
2018-05-21 02:39:51.35530,0,7270,7270,0.6419817,0.9756,0.05024909973144531
2018-05-21 02:39:51.40505,0,7280,7280,2.487325,0.9754,0.04975104331970215
2018-05-21 02:39:51.45471,0,7290,7290,0.8224006,0.9762,0.049655914306640625
2018-05-21 02:39:51.50438,0,7300,7300,24.929304,0.9766,0.04967498779296875
2018-05-21 02:39:51.55367,0,7310,7310,0.42948106,0.9764,0.049284934997558594
2018-05-21 02:39:51.60137,0,7320,7320,8.671062,0.977,0.04770207405090332
2018-05-21 02:39:51.64900,0,7330,7330,0.48163474,0.9762,0.047627925872802734
2018-05-21 02:39:51.69821,0,7340,7340,2.127645,0.9752,0.04921722412109375
2018-05-21 02:39:51.74759,0,7350,7350,0.10727716,0.9724,0.04937291145324707
2018-05-21 02:39:51.79662,0,7360,7360,1.5485444,0.9722,0.04903006553649902
2018-05-21 02:39:51.84458,0,7370,7370,6.8528104,0.974,0.04796481132507324
2018-05-21 02:39:51.89257,0,7380,7380,0.2487764,0.9692,0.0479891300201416
2018-05-21 02:39:51.94137,0,7390,7390,3.5663533,0.9714,0.04880404472351074
2018-05-21 02:39:51.99068,0,7400,7400,0.3509794,0.9724,0.04930996894836426
2018-05-21 02:39:52.03900,0,7410,7410,8.534361,0.9744,0.04831099510192871
2018-05-21 02:39:52.08824,0,7420,7420,4.867423,0.9748,0.04924798011779785
2018-05-21 02:39:52.13597,0,7430,7430,5.836068,0.9712,0.04772686958312988
2018-05-21 02:39:52.18384,0,7440,7440,0.7298457,0.97,0.04787111282348633
2018-05-21 02:39:52.23152,0,7450,7450,3.159374,0.9744,0.047677040100097656
2018-05-21 02:39:52.27920,0,7460,7460,8.863989,0.97,0.047679901123046875
2018-05-21 02:39:52.32731,0,7470,7470,10.200047,0.9712,0.04811501502990723
2018-05-21 02:39:52.37856,0,7480,7480,0.103380665,0.971,0.05124402046203613
2018-05-21 02:39:52.42897,0,7490,7490,0.20810631,0.9736,0.05041003227233887
2018-05-21 02:39:52.48113,0,7500,7500,0.08447098,0.9714,0.052160024642944336
2018-05-21 02:39:52.53039,0,7510,7510,2.7920263,0.9746,0.04925894737243652
2018-05-21 02:39:52.58040,0,7520,7520,6.737965,0.974,0.05001091957092285
2018-05-21 02:39:52.63143,0,7530,7530,10.799304,0.9724,0.05103611946105957
2018-05-21 02:39:52.68081,0,7540,7540,1.8073924,0.9712,0.04937386512756348
2018-05-21 02:39:52.72866,0,7550,7550,4.5319233,0.9702,0.047849178314208984
2018-05-21 02:39:52.77599,0,7560,7560,7.234701,0.9704,0.047338008880615234
2018-05-21 02:39:52.82349,0,7570,7570,5.215311,0.971,0.04749798774719238
2018-05-21 02:39:52.87368,0,7580,7580,9.057828,0.9738,0.05019187927246094
2018-05-21 02:39:52.92412,0,7590,7590,5.61946,0.973,0.05043601989746094
2018-05-21 02:39:52.97330,0,7600,7600,0.1353805,0.9728,0.049180030822753906
2018-05-21 02:39:53.02191,0,7610,7610,5.2979183,0.9708,0.04860806465148926
2018-05-21 02:39:53.07052,0,7620,7620,4.031088,0.9698,0.04861092567443848
2018-05-21 02:39:53.11875,0,7630,7630,16.936806,0.9678,0.048233985900878906
2018-05-21 02:39:53.16772,0,7640,7640,11.248238,0.9684,0.0489659309387207
2018-05-21 02:39:53.21703,0,7650,7650,1.1971351,0.97,0.049311161041259766
2018-05-21 02:39:53.27100,0,7660,7660,10.484558,0.9664,0.05397486686706543
2018-05-21 02:39:53.32331,0,7670,7670,0.30635214,0.967,0.052306175231933594
2018-05-21 02:39:53.37470,0,7680,7680,6.017404,0.9626,0.051390886306762695
2018-05-21 02:39:53.42484,0,7690,7690,1.2011945,0.9662,0.05013895034790039
2018-05-21 02:39:53.47489,0,7700,7700,13.631285,0.9686,0.050048112869262695
2018-05-21 02:39:53.62580,0,7710,7710,0.18320446,0.9674,0.15091300010681152
2018-05-21 02:39:53.67600,0,7720,7720,3.3402267,0.97,0.05019402503967285
2018-05-21 02:39:53.72536,0,7730,7730,4.408074,0.9712,0.04936099052429199
2018-05-21 02:39:53.77465,0,7740,7740,5.111009,0.9716,0.04928994178771973
2018-05-21 02:39:53.82046,0,7750,7750,0.30882078,0.9722,0.04581308364868164
2018-05-21 02:39:53.86567,0,7760,7760,1.151643,0.9732,0.04520702362060547
2018-05-21 02:39:53.91153,0,7770,7770,1.4511805,0.9728,0.045865774154663086
2018-05-21 02:39:53.95952,0,7780,7780,2.2751143,0.9738,0.047991037368774414
2018-05-21 02:39:54.00550,0,7790,7790,4.408234,0.9718,0.04597806930541992
2018-05-21 02:39:54.05273,0,7800,7800,5.88257,0.9732,0.047226905822753906
2018-05-21 02:39:54.10132,0,7810,7810,0.08491109,0.973,0.048586130142211914
2018-05-21 02:39:54.14941,0,7820,7820,5.6901007,0.9718,0.048091888427734375
2018-05-21 02:39:54.19794,0,7830,7830,0.5909629,0.9716,0.04853200912475586
2018-05-21 02:39:54.24736,0,7840,7840,6.3933806,0.9748,0.04941701889038086
2018-05-21 02:39:54.29510,0,7850,7850,3.7888305,0.9732,0.047747135162353516
2018-05-21 02:39:54.34351,0,7860,7860,1.1294942,0.9738,0.048410892486572266
2018-05-21 02:39:54.39416,0,7870,7870,1.1705772,0.9744,0.05064511299133301
2018-05-21 02:39:54.44339,0,7880,7880,3.5911517,0.9704,0.04922986030578613
2018-05-21 02:39:54.49057,0,7890,7890,2.4684916,0.9742,0.04718494415283203
2018-05-21 02:39:54.53786,0,7900,7900,3.677069,0.9732,0.0472872257232666
2018-05-21 02:39:54.58157,0,7910,7910,5.1332684,0.9744,0.04370999336242676
2018-05-21 02:39:54.62885,0,7920,7920,2.9839845,0.9732,0.04728078842163086
2018-05-21 02:39:54.67829,0,7930,7930,4.685065,0.9764,0.049439191818237305
2018-05-21 02:39:54.72763,0,7940,7940,13.500416,0.9748,0.04934382438659668
2018-05-21 02:39:54.77357,0,7950,7950,6.0051975,0.9706,0.04593300819396973
2018-05-21 02:39:54.82192,0,7960,7960,6.5752954,0.972,0.048348188400268555
2018-05-21 02:39:54.87036,0,7970,7970,3.1094422,0.9738,0.04844498634338379
2018-05-21 02:39:54.92008,0,7980,7980,6.974238,0.9684,0.04972386360168457
2018-05-21 02:39:54.97007,0,7990,7990,2.4060147,0.9666,0.04998302459716797
2018-05-21 02:39:55.01846,0,8000,8000,3.6110146,0.9738,0.048393964767456055
2018-05-21 02:39:55.06763,0,8010,8010,4.799481,0.9736,0.04916501045227051
2018-05-21 02:39:55.11647,0,8020,8020,0.014922285,0.9752,0.04884600639343262
2018-05-21 02:39:55.16331,0,8030,8030,0.026867207,0.9746,0.04683995246887207
2018-05-21 02:39:55.21037,0,8040,8040,7.5254946,0.9732,0.047059059143066406
2018-05-21 02:39:55.25665,0,8050,8050,5.574656,0.9722,0.046282052993774414
2018-05-21 02:39:55.30556,0,8060,8060,0.69236445,0.9716,0.04890108108520508
2018-05-21 02:39:55.35498,0,8070,8070,2.8094172,0.9704,0.04942178726196289
2018-05-21 02:39:55.40489,0,8080,8080,0.49761683,0.97,0.04991602897644043
2018-05-21 02:39:55.45414,0,8090,8090,4.8775477,0.9696,0.04924297332763672
2018-05-21 02:39:55.49986,0,8100,8100,0.30967197,0.9718,0.04572701454162598
2018-05-21 02:39:55.54802,0,8110,8110,14.373802,0.9742,0.04815316200256348
2018-05-21 02:39:55.59619,0,8120,8120,0.0044690347,0.973,0.04817485809326172
2018-05-21 02:39:55.64046,0,8130,8130,4.1560717,0.9712,0.0442659854888916
2018-05-21 02:39:55.68256,0,8140,8140,9.520725,0.9714,0.04210019111633301
2018-05-21 02:39:55.73084,0,8150,8150,13.513865,0.9724,0.04828786849975586
2018-05-21 02:39:55.78120,0,8160,8160,0.043564886,0.9688,0.050354957580566406
2018-05-21 02:39:55.83016,0,8170,8170,0.5381162,0.9724,0.04896211624145508
2018-05-21 02:39:55.88001,0,8180,8180,3.0103474,0.9686,0.049852848052978516
2018-05-21 02:39:55.92935,0,8190,8190,2.672767,0.9682,0.049334049224853516
2018-05-21 02:39:55.97817,0,8200,8200,17.536034,0.9688,0.04882001876831055
2018-05-21 02:39:56.02690,0,8210,8210,5.996682,0.9708,0.04873299598693848
2018-05-21 02:39:56.07384,0,8220,8220,3.422863,0.9708,0.046936988830566406
2018-05-21 02:39:56.12343,0,8230,8230,2.8860645,0.9726,0.04958915710449219
2018-05-21 02:39:56.17196,0,8240,8240,4.0774198,0.9728,0.04853677749633789
2018-05-21 02:39:56.22024,0,8250,8250,0.2537326,0.9714,0.04827308654785156
2018-05-21 02:39:56.36903,0,8260,8260,1.5445124,0.9712,0.14879393577575684
2018-05-21 02:39:56.41724,0,8270,8270,0.18833333,0.9708,0.04820418357849121
2018-05-21 02:39:56.46302,0,8280,8280,2.2608962,0.9734,0.04578590393066406
2018-05-21 02:39:56.51139,0,8290,8290,3.7898197,0.9768,0.04837203025817871
2018-05-21 02:39:56.55927,0,8300,8300,2.8603613,0.9758,0.04787492752075195
2018-05-21 02:39:56.60593,0,8310,8310,2.8943403,0.9724,0.04666399955749512
2018-05-21 02:39:56.65513,0,8320,8320,1.6562775,0.9716,0.049198150634765625
2018-05-21 02:39:56.70307,0,8330,8330,11.228536,0.9698,0.04793596267700195
2018-05-21 02:39:56.75197,0,8340,8340,6.9580445,0.9704,0.0489039421081543
2018-05-21 02:39:56.79974,0,8350,8350,0.14328353,0.9698,0.047766923904418945
2018-05-21 02:39:56.84872,0,8360,8360,0.006326386,0.9706,0.048983097076416016
2018-05-21 02:39:56.89806,0,8370,8370,0.12630986,0.9716,0.049340009689331055
2018-05-21 02:39:56.94637,0,8380,8380,0.512869,0.9686,0.04830598831176758
2018-05-21 02:39:56.99595,0,8390,8390,0.8871962,0.9708,0.04957890510559082
2018-05-21 02:39:57.04406,0,8400,8400,1.9801029,0.9722,0.04811811447143555
2018-05-21 02:39:57.09140,0,8410,8410,1.6934487,0.9734,0.04734086990356445
2018-05-21 02:39:57.13832,0,8420,8420,1.5285221,0.9764,0.04691910743713379
2018-05-21 02:39:57.18398,0,8430,8430,0.107869126,0.9742,0.04565286636352539
2018-05-21 02:39:57.23136,0,8440,8440,5.9141064,0.9708,0.04738807678222656
2018-05-21 02:39:57.28091,0,8450,8450,2.0544343,0.9726,0.04954409599304199
2018-05-21 02:39:57.33022,0,8460,8460,13.70393,0.9736,0.04930686950683594
2018-05-21 02:39:57.38089,0,8470,8470,3.2729037,0.9722,0.05067300796508789
2018-05-21 02:39:57.43001,0,8480,8480,12.262139,0.9746,0.04912209510803223
2018-05-21 02:39:57.47849,0,8490,8490,5.4794345,0.972,0.04848003387451172
2018-05-21 02:39:57.52873,0,8500,8500,3.3209472,0.9746,0.05024385452270508
2018-05-21 02:39:57.57817,0,8510,8510,20.591885,0.9742,0.049430131912231445
2018-05-21 02:39:57.62668,0,8520,8520,10.704899,0.9746,0.04851102828979492
2018-05-21 02:39:57.67464,0,8530,8530,5.9636817,0.9758,0.04795980453491211
2018-05-21 02:39:57.72367,0,8540,8540,3.71702,0.9762,0.049033164978027344
2018-05-21 02:39:57.77133,0,8550,8550,3.6212358,0.973,0.04766082763671875
2018-05-21 02:39:57.81797,0,8560,8560,1.0483415,0.9728,0.04664301872253418
2018-05-21 02:39:57.86961,0,8570,8570,2.1286519,0.974,0.05163717269897461
2018-05-21 02:39:57.92194,0,8580,8580,0.33770815,0.9714,0.05232501029968262
2018-05-21 02:39:57.97030,0,8590,8590,17.123241,0.9712,0.04836702346801758
2018-05-21 02:39:58.01822,0,8600,8600,8.533061,0.9702,0.04791998863220215
2018-05-21 02:39:58.06686,0,8610,8610,3.2919135,0.972,0.04863691329956055
2018-05-21 02:39:58.11675,0,8620,8620,0.20430875,0.9722,0.049890995025634766
2018-05-21 02:39:58.16803,0,8630,8630,7.878646,0.9718,0.05127692222595215
2018-05-21 02:39:58.21832,0,8640,8640,3.6315362,0.971,0.05029702186584473
2018-05-21 02:39:58.26741,0,8650,8650,6.7102118,0.973,0.0490880012512207
2018-05-21 02:39:58.31569,0,8660,8660,0.07323389,0.97,0.0482790470123291
2018-05-21 02:39:58.36354,0,8670,8670,4.2728214,0.9702,0.047853946685791016
2018-05-21 02:39:58.41143,0,8680,8680,1.600808,0.9714,0.04788994789123535
2018-05-21 02:39:58.45731,0,8690,8690,0.1549187,0.969,0.045873165130615234
2018-05-21 02:39:58.50414,0,8700,8700,8.878103,0.9692,0.04683685302734375
2018-05-21 02:39:58.55227,0,8710,8710,1.4735094,0.969,0.04812502861022949
2018-05-21 02:39:58.59808,0,8720,8720,0.9090289,0.9724,0.04581403732299805
2018-05-21 02:39:58.64414,0,8730,8730,0.33439034,0.9688,0.046057939529418945
2018-05-21 02:39:58.68984,0,8740,8740,10.660649,0.9728,0.0457000732421875
2018-05-21 02:39:58.73252,0,8750,8750,0.06911348,0.9736,0.042675018310546875
2018-05-21 02:39:58.77878,0,8760,8760,0.40503338,0.9734,0.04626297950744629
2018-05-21 02:39:58.83190,0,8770,8770,1.3390881,0.973,0.05311894416809082
2018-05-21 02:39:58.87975,0,8780,8780,6.8529944,0.9732,0.04784798622131348
2018-05-21 02:39:58.92739,0,8790,8790,3.6271195,0.9722,0.04764604568481445
2018-05-21 02:39:58.97413,0,8800,8800,0.047608756,0.9712,0.04674100875854492
2018-05-21 02:39:59.10892,0,8810,8810,26.150557,0.9706,0.13478302955627441
2018-05-21 02:39:59.15835,0,8820,8820,5.0383296,0.969,0.04943203926086426
2018-05-21 02:39:59.20708,0,8830,8830,4.2602377,0.9704,0.04873085021972656
2018-05-21 02:39:59.25710,0,8840,8840,8.184839,0.9744,0.05002403259277344
2018-05-21 02:39:59.30535,0,8850,8850,0.14695373,0.9744,0.048246145248413086
2018-05-21 02:39:59.35192,0,8860,8860,1.3426443,0.9746,0.046566009521484375
2018-05-21 02:39:59.40205,0,8870,8870,0.7808189,0.977,0.050128936767578125
2018-05-21 02:39:59.45019,0,8880,8880,0.681461,0.975,0.0481410026550293
2018-05-21 02:39:59.50053,0,8890,8890,0.01536142,0.9762,0.05034589767456055
2018-05-21 02:39:59.55165,0,8900,8900,0.090085775,0.9738,0.051113128662109375
2018-05-21 02:39:59.59979,0,8910,8910,0.0073621683,0.9746,0.048146963119506836
2018-05-21 02:39:59.64637,0,8920,8920,0.0037766062,0.974,0.04657697677612305
2018-05-21 02:39:59.69341,0,8930,8930,8.097285,0.9726,0.0470430850982666
2018-05-21 02:39:59.74147,0,8940,8940,0.468437,0.975,0.04805302619934082
2018-05-21 02:39:59.79019,0,8950,8950,3.3339636,0.9712,0.0487217903137207
2018-05-21 02:39:59.84003,0,8960,8960,0.12948613,0.975,0.04984116554260254
2018-05-21 02:39:59.89062,0,8970,8970,0.70029914,0.9738,0.05059099197387695
2018-05-21 02:39:59.94128,0,8980,8980,0.1527726,0.975,0.050657033920288086
2018-05-21 02:39:59.99050,0,8990,8990,0.32271057,0.9748,0.04922890663146973
2018-05-21 02:40:00.04196,0,9000,9000,0.14689176,0.9692,0.05145096778869629
2018-05-21 02:40:00.09287,0,9010,9010,0.00585374,0.9728,0.050909996032714844
2018-05-21 02:40:00.14163,0,9020,9020,0.14778864,0.9744,0.04876899719238281
2018-05-21 02:40:00.19151,0,9030,9030,3.6449585,0.9728,0.04987215995788574
2018-05-21 02:40:00.24100,0,9040,9040,0.6940675,0.9742,0.04948878288269043
2018-05-21 02:40:00.28873,0,9050,9050,6.7580323,0.9762,0.04773712158203125
2018-05-21 02:40:00.33697,0,9060,9060,4.0996776,0.9732,0.0482330322265625
2018-05-21 02:40:00.38547,0,9070,9070,1.936374,0.971,0.04850888252258301
2018-05-21 02:40:00.43311,0,9080,9080,0.017548034,0.9764,0.04763197898864746
2018-05-21 02:40:00.48261,0,9090,9090,0.014826139,0.9738,0.049504995346069336
2018-05-21 02:40:00.52991,0,9100,9100,4.451335,0.9746,0.0473020076751709
2018-05-21 02:40:00.57525,0,9110,9110,4.6671453,0.9748,0.045333147048950195
2018-05-21 02:40:00.61818,0,9120,9120,8.44478,0.9724,0.042932987213134766
2018-05-21 02:40:00.66645,0,9130,9130,13.769547,0.9752,0.04826498031616211
2018-05-21 02:40:00.71288,0,9140,9140,13.528242,0.9716,0.04643607139587402
2018-05-21 02:40:00.75723,0,9150,9150,8.390835,0.9738,0.04434800148010254
2018-05-21 02:40:00.80560,0,9160,9160,15.0112915,0.9696,0.048375844955444336
2018-05-21 02:40:00.85306,0,9170,9170,9.261514,0.9682,0.04745197296142578
2018-05-21 02:40:00.90256,0,9180,9180,5.161723,0.9712,0.0494999885559082
2018-05-21 02:40:00.95060,0,9190,9190,0.46501625,0.9702,0.04804420471191406
2018-05-21 02:40:00.99966,0,9200,9200,0.08532732,0.9744,0.04905390739440918
2018-05-21 02:40:01.04658,0,9210,9210,5.968739,0.9746,0.046920061111450195
2018-05-21 02:40:01.09520,0,9220,9220,6.044335,0.9752,0.04862689971923828
2018-05-21 02:40:01.14458,0,9230,9230,3.0607214,0.974,0.049382925033569336
2018-05-21 02:40:01.19410,0,9240,9240,2.3733118,0.9744,0.04951620101928711
2018-05-21 02:40:01.24366,0,9250,9250,0.18078244,0.9748,0.04955887794494629
2018-05-21 02:40:01.29358,0,9260,9260,0.19465336,0.9754,0.049916982650756836
2018-05-21 02:40:01.34227,0,9270,9270,2.4530377,0.974,0.04869413375854492
2018-05-21 02:40:01.39178,0,9280,9280,6.2980933,0.9708,0.04950881004333496
2018-05-21 02:40:01.43616,0,9290,9290,2.5875492,0.971,0.04437708854675293
2018-05-21 02:40:01.48147,0,9300,9300,20.990892,0.9732,0.045311927795410156
2018-05-21 02:40:01.52735,0,9310,9310,0.10941717,0.9724,0.04588198661804199
2018-05-21 02:40:01.57103,0,9320,9320,0.014788332,0.9704,0.043676137924194336
2018-05-21 02:40:01.61393,0,9330,9330,0.10856041,0.9696,0.04289984703063965
2018-05-21 02:40:01.66041,0,9340,9340,0.3029404,0.9758,0.046488046646118164
2018-05-21 02:40:01.70732,0,9350,9350,1.8869344,0.9746,0.0469059944152832
2018-05-21 02:40:01.84785,0,9360,9360,2.8194256,0.9738,0.14052414894104004
2018-05-21 02:40:01.89237,0,9370,9370,2.6862895,0.9726,0.0445249080657959
2018-05-21 02:40:01.93600,0,9380,9380,0.11095949,0.972,0.04363203048706055
2018-05-21 02:40:01.98138,0,9390,9390,0.25999174,0.9732,0.045378923416137695
2018-05-21 02:40:02.02869,0,9400,9400,0.03058303,0.9728,0.047306060791015625
2018-05-21 02:40:02.07601,0,9410,9410,0.08376989,0.9716,0.04732704162597656
2018-05-21 02:40:02.12162,0,9420,9420,13.939562,0.963,0.045601844787597656
2018-05-21 02:40:02.16855,0,9430,9430,0.88106483,0.971,0.04693603515625
2018-05-21 02:40:02.21374,0,9440,9440,5.2610607,0.973,0.045185089111328125
2018-05-21 02:40:02.25795,0,9450,9450,31.694656,0.974,0.04421496391296387
2018-05-21 02:40:02.30734,0,9460,9460,0.025948431,0.9732,0.04939103126525879
2018-05-21 02:40:02.35369,0,9470,9470,6.161663,0.9742,0.04634809494018555
2018-05-21 02:40:02.39933,0,9480,9480,10.0921135,0.9768,0.04564380645751953
2018-05-21 02:40:02.44613,0,9490,9490,1.3830714,0.9754,0.04679512977600098
2018-05-21 02:40:02.49002,0,9500,9500,0.10284972,0.975,0.04388689994812012
2018-05-21 02:40:02.53228,0,9510,9510,6.865292,0.9744,0.04226493835449219
2018-05-21 02:40:02.57396,0,9520,9520,1.5642701,0.9742,0.04167318344116211
2018-05-21 02:40:02.61894,0,9530,9530,10.872362,0.971,0.04498791694641113
2018-05-21 02:40:02.66531,0,9540,9540,1.7587793,0.9716,0.046365976333618164
2018-05-21 02:40:02.71129,0,9550,9550,3.2591426,0.9706,0.04598593711853027
2018-05-21 02:40:02.75665,0,9560,9560,0.016100535,0.9716,0.045359134674072266
2018-05-21 02:40:02.80421,0,9570,9570,11.395989,0.972,0.04755997657775879
2018-05-21 02:40:02.84901,0,9580,9580,10.176417,0.974,0.04479408264160156
2018-05-21 02:40:02.89779,0,9590,9590,0.25547504,0.9708,0.04878687858581543
2018-05-21 02:40:02.94663,0,9600,9600,3.4335117,0.9724,0.04883098602294922
2018-05-21 02:40:02.99623,0,9610,9610,5.7214303,0.9748,0.049603939056396484
2018-05-21 02:40:03.04492,0,9620,9620,9.506432,0.9714,0.0486910343170166
2018-05-21 02:40:03.09376,0,9630,9630,15.336848,0.9716,0.048840999603271484
2018-05-21 02:40:03.14157,0,9640,9640,0.70912635,0.9764,0.04781007766723633
2018-05-21 02:40:03.18676,0,9650,9650,9.060597,0.9744,0.04518389701843262
2018-05-21 02:40:03.23559,0,9660,9660,6.591407,0.9744,0.04883313179016113
2018-05-21 02:40:03.28465,0,9670,9670,2.3168309,0.9732,0.04906201362609863
2018-05-21 02:40:03.33175,0,9680,9680,2.2201865,0.9712,0.047102928161621094
2018-05-21 02:40:03.37998,0,9690,9690,5.6896744,0.9738,0.04822993278503418
2018-05-21 02:40:03.42754,0,9700,9700,1.6851568,0.9738,0.04755520820617676
2018-05-21 02:40:03.47715,0,9710,9710,0.9403787,0.9704,0.0496068000793457
2018-05-21 02:40:03.52725,0,9720,9720,4.6637926,0.972,0.05010104179382324
2018-05-21 02:40:03.57359,0,9730,9730,6.6163774,0.9734,0.04633903503417969
2018-05-21 02:40:03.62043,0,9740,9740,4.914039,0.9718,0.046842098236083984
2018-05-21 02:40:03.66363,0,9750,9750,7.52211,0.9728,0.043196916580200195
2018-05-21 02:40:03.70935,0,9760,9760,0.07365917,0.9738,0.045722007751464844
2018-05-21 02:40:03.75544,0,9770,9770,6.5609217,0.9742,0.046089887619018555
2018-05-21 02:40:03.80280,0,9780,9780,17.824184,0.9728,0.047363996505737305
2018-05-21 02:40:03.84965,0,9790,9790,11.435804,0.97,0.046851158142089844
2018-05-21 02:40:03.89606,0,9800,9800,13.129968,0.972,0.046408891677856445
2018-05-21 02:40:03.94458,0,9810,9810,7.8891497,0.9712,0.04851698875427246
2018-05-21 02:40:03.99310,0,9820,9820,3.0236752,0.97,0.048525094985961914
2018-05-21 02:40:04.03791,0,9830,9830,0.20213231,0.9704,0.04480385780334473
2018-05-21 02:40:04.08791,0,9840,9840,8.000397,0.97,0.05000615119934082
2018-05-21 02:40:04.13858,0,9850,9850,1.2573943,0.9724,0.05067086219787598
2018-05-21 02:40:04.18692,0,9860,9860,7.119419,0.9716,0.0483400821685791
2018-05-21 02:40:04.23402,0,9870,9870,6.080546,0.971,0.047100067138671875
2018-05-21 02:40:04.28566,0,9880,9880,4.276288,0.97,0.0516359806060791
2018-05-21 02:40:04.33359,0,9890,9890,1.5358816,0.9736,0.047930002212524414
2018-05-21 02:40:04.38032,0,9900,9900,3.640057,0.9756,0.046730995178222656
2018-05-21 02:40:04.52138,0,9910,9910,0.42406714,0.9752,0.14105892181396484
2018-05-21 02:40:04.56939,0,9920,9920,1.1004571,0.9742,0.04800605773925781
2018-05-21 02:40:04.61656,0,9930,9930,0.017560383,0.9738,0.04717898368835449
2018-05-21 02:40:04.66358,0,9940,9940,4.4551883,0.976,0.04701805114746094
2018-05-21 02:40:04.71070,0,9950,9950,0.51879156,0.9706,0.04711294174194336
2018-05-21 02:40:04.75896,0,9960,9960,1.888297,0.9712,0.04826712608337402
2018-05-21 02:40:04.80779,0,9970,9970,1.6213351,0.9718,0.04882979393005371
2018-05-21 02:40:04.85464,0,9980,9980,0.0121581,0.9716,0.046845197677612305
2018-05-21 02:40:04.90236,0,9990,9990,2.1641662,0.9724,0.04772686958312988
2018-05-21 02:40:04.95261,0,10000,10000,3.1633778,0.97,0.050245046615600586
