time,worker_task_index,global_step,local_step,loss,acc,time delta
2018-05-21 03:15:14.80311,0,10,10,68.65715,0.8084,0
2018-05-21 03:15:14.91093,0,20,20,35.18401,0.8774,0.10782384872436523
2018-05-21 03:15:14.93233,0,30,30,49.27243,0.8832,0.02139902114868164
2018-05-21 03:15:14.95128,0,40,40,37.233498,0.9026,0.018947124481201172
2018-05-21 03:15:14.97020,0,50,50,16.665089,0.9004,0.01891803741455078
2018-05-21 03:15:14.99064,0,60,60,41.517723,0.9082,0.02044081687927246
2018-05-21 03:15:15.00947,0,70,70,43.544662,0.9218,0.0188291072845459
2018-05-21 03:15:15.02838,0,80,80,25.370865,0.912,0.018913984298706055
2018-05-21 03:15:15.04854,0,90,90,17.917675,0.9212,0.020153045654296875
2018-05-21 03:15:15.06693,0,100,100,47.567715,0.922,0.018393993377685547
2018-05-21 03:15:15.08491,0,110,110,19.900663,0.9234,0.017978906631469727
2018-05-21 03:15:15.10387,0,120,120,21.124462,0.9398,0.018959999084472656
2018-05-21 03:15:15.12239,0,130,130,23.424084,0.9266,0.018518924713134766
2018-05-21 03:15:15.14136,0,140,140,23.986197,0.9364,0.018970012664794922
2018-05-21 03:15:15.15957,0,150,150,11.67453,0.935,0.018217086791992188
2018-05-21 03:15:15.17767,0,160,160,39.67715,0.9458,0.018099069595336914
2018-05-21 03:15:15.19575,0,170,170,15.324377,0.9382,0.018079042434692383
2018-05-21 03:15:15.21407,0,180,180,13.096957,0.9418,0.018314838409423828
2018-05-21 03:15:15.23210,0,190,190,26.329727,0.94,0.0180361270904541
2018-05-21 03:15:15.25034,0,200,200,16.692408,0.9438,0.01823282241821289
2018-05-21 03:15:15.26890,0,210,210,9.778394,0.9518,0.01856708526611328
2018-05-21 03:15:15.28743,0,220,220,19.609985,0.9442,0.018526077270507812
2018-05-21 03:15:15.30555,0,230,230,29.311892,0.954,0.01812291145324707
2018-05-21 03:15:15.32387,0,240,240,7.379822,0.9526,0.01832103729248047
2018-05-21 03:15:15.34221,0,250,250,12.898932,0.951,0.01833200454711914
2018-05-21 03:15:15.36029,0,260,260,27.270079,0.9454,0.018080949783325195
2018-05-21 03:15:15.37856,0,270,270,6.6336713,0.9556,0.01827692985534668
2018-05-21 03:15:15.39675,0,280,280,12.596638,0.9594,0.01818704605102539
2018-05-21 03:15:15.41481,0,290,290,16.495632,0.9554,0.01805710792541504
2018-05-21 03:15:15.43279,0,300,300,11.20306,0.9544,0.01798391342163086
2018-05-21 03:15:15.45101,0,310,310,26.385809,0.9562,0.018218040466308594
2018-05-21 03:15:15.47047,0,320,320,18.763498,0.9542,0.019457101821899414
2018-05-21 03:15:15.48873,0,330,330,22.508608,0.9492,0.018265962600708008
2018-05-21 03:15:15.50735,0,340,340,10.084418,0.9578,0.01861882209777832
2018-05-21 03:15:15.52553,0,350,350,12.297827,0.9512,0.0181732177734375
2018-05-21 03:15:15.54677,0,360,360,10.780525,0.9484,0.021240949630737305
2018-05-21 03:15:15.56477,0,370,370,16.24907,0.954,0.018005847930908203
2018-05-21 03:15:15.58332,0,380,380,18.364437,0.9538,0.018549203872680664
2018-05-21 03:15:15.60144,0,390,390,15.280351,0.9566,0.01811695098876953
2018-05-21 03:15:15.61949,0,400,400,27.225492,0.9582,0.01805591583251953
2018-05-21 03:15:15.63761,0,410,410,27.007622,0.9528,0.0181119441986084
2018-05-21 03:15:15.65581,0,420,420,18.003588,0.9572,0.018207073211669922
2018-05-21 03:15:15.67430,0,430,430,8.348604,0.9578,0.01848292350769043
2018-05-21 03:15:15.69310,0,440,440,26.776245,0.9604,0.01880812644958496
2018-05-21 03:15:15.71151,0,450,450,10.5376835,0.955,0.01840496063232422
2018-05-21 03:15:15.72994,0,460,460,15.001398,0.9524,0.018435955047607422
2018-05-21 03:15:15.74842,0,470,470,8.858137,0.9554,0.018479108810424805
2018-05-21 03:15:15.76669,0,480,480,5.806176,0.9592,0.018270015716552734
2018-05-21 03:15:15.78489,0,490,490,27.304186,0.9652,0.01819586753845215
2018-05-21 03:15:15.80300,0,500,500,21.319822,0.9626,0.01811504364013672
2018-05-21 03:15:15.82092,0,510,510,10.027962,0.956,0.0179140567779541
2018-05-21 03:15:15.83926,0,520,520,19.598122,0.961,0.01834392547607422
2018-05-21 03:15:15.85851,0,530,530,26.481525,0.9622,0.01924896240234375
2018-05-21 03:15:15.87663,0,540,540,12.797584,0.9608,0.01812005043029785
2018-05-21 03:15:15.89478,0,550,550,15.0892315,0.962,0.01814413070678711
2018-05-21 03:15:15.99552,0,560,560,9.326024,0.9544,0.10073995590209961
2018-05-21 03:15:16.01576,0,570,570,17.755705,0.9644,0.020246028900146484
2018-05-21 03:15:16.03471,0,580,580,11.299083,0.9618,0.018945932388305664
2018-05-21 03:15:16.05345,0,590,590,4.366622,0.9586,0.01874089241027832
2018-05-21 03:15:16.07177,0,600,600,6.6859345,0.9618,0.01832413673400879
2018-05-21 03:15:16.08976,0,610,610,18.624355,0.9562,0.017982006072998047
2018-05-21 03:15:16.10880,0,620,620,22.351192,0.9656,0.01904892921447754
2018-05-21 03:15:16.12735,0,630,630,12.187568,0.9668,0.01854395866394043
2018-05-21 03:15:16.14659,0,640,640,12.2107115,0.965,0.019245147705078125
2018-05-21 03:15:16.16461,0,650,650,9.995675,0.9584,0.0180208683013916
2018-05-21 03:15:16.18271,0,660,660,18.920765,0.9586,0.018098115921020508
2018-05-21 03:15:16.20249,0,670,670,4.4549456,0.9636,0.019780874252319336
2018-05-21 03:15:16.22066,0,680,680,13.001297,0.9634,0.018166065216064453
2018-05-21 03:15:16.23863,0,690,690,16.41801,0.9606,0.017973899841308594
2018-05-21 03:15:16.25730,0,700,700,6.22829,0.9674,0.018665075302124023
2018-05-21 03:15:16.27543,0,710,710,12.033751,0.9648,0.01813197135925293
2018-05-21 03:15:16.29334,0,720,720,7.948053,0.9698,0.01790904998779297
2018-05-21 03:15:16.31173,0,730,730,16.65836,0.9626,0.01838994026184082
2018-05-21 03:15:16.33035,0,740,740,10.556935,0.957,0.01862192153930664
2018-05-21 03:15:16.34834,0,750,750,6.173092,0.9558,0.017992019653320312
2018-05-21 03:15:16.36649,0,760,760,14.117464,0.966,0.018143177032470703
2018-05-21 03:15:16.38471,0,770,770,1.9008176,0.9584,0.018224000930786133
2018-05-21 03:15:16.40402,0,780,780,3.6734855,0.9648,0.01930689811706543
2018-05-21 03:15:16.42234,0,790,790,9.814115,0.9592,0.01832103729248047
2018-05-21 03:15:16.44038,0,800,800,7.9329567,0.9602,0.018043041229248047
2018-05-21 03:15:16.45853,0,810,810,9.646558,0.9636,0.018144845962524414
2018-05-21 03:15:16.47813,0,820,820,21.255121,0.9598,0.019605159759521484
2018-05-21 03:15:16.49820,0,830,830,4.250292,0.9584,0.020067930221557617
2018-05-21 03:15:16.51797,0,840,840,33.60754,0.9626,0.019774913787841797
2018-05-21 03:15:16.53649,0,850,850,16.078875,0.966,0.018519163131713867
2018-05-21 03:15:16.55478,0,860,860,8.753752,0.9662,0.01828289031982422
2018-05-21 03:15:16.57572,0,870,870,11.899907,0.9658,0.020941972732543945
2018-05-21 03:15:16.59432,0,880,880,19.33007,0.9586,0.01859903335571289
2018-05-21 03:15:16.61241,0,890,890,25.428429,0.952,0.018093109130859375
2018-05-21 03:15:16.63072,0,900,900,13.126111,0.9608,0.018309831619262695
2018-05-21 03:15:16.64929,0,910,910,5.559146,0.959,0.018566131591796875
2018-05-21 03:15:16.66907,0,920,920,10.735725,0.9618,0.019782066345214844
2018-05-21 03:15:16.68713,0,930,930,5.6693764,0.9636,0.01805877685546875
2018-05-21 03:15:16.70522,0,940,940,7.6290417,0.9638,0.018096208572387695
2018-05-21 03:15:16.72338,0,950,950,14.2730255,0.9648,0.018158912658691406
2018-05-21 03:15:16.74148,0,960,960,13.264285,0.962,0.018098115921020508
2018-05-21 03:15:16.75985,0,970,970,20.134373,0.9616,0.018370866775512695
2018-05-21 03:15:16.77798,0,980,980,14.102373,0.9596,0.01813197135925293
2018-05-21 03:15:16.79639,0,990,990,11.241145,0.9656,0.018404006958007812
2018-05-21 03:15:16.81433,0,1000,1000,5.32854,0.9628,0.0179440975189209
2018-05-21 03:15:16.83246,0,1010,1010,8.2258,0.9658,0.018133878707885742
2018-05-21 03:15:16.85096,0,1020,1020,2.563997,0.965,0.018493175506591797
2018-05-21 03:15:16.86938,0,1030,1030,9.049552,0.959,0.01841878890991211
2018-05-21 03:15:16.88765,0,1040,1040,5.0834885,0.9684,0.018269062042236328
2018-05-21 03:15:16.90687,0,1050,1050,22.881916,0.9636,0.019227027893066406
2018-05-21 03:15:16.92512,0,1060,1060,11.771154,0.9692,0.018243074417114258
2018-05-21 03:15:16.94345,0,1070,1070,14.350512,0.9694,0.018329858779907227
2018-05-21 03:15:16.96292,0,1080,1080,3.1944678,0.9666,0.01947808265686035
2018-05-21 03:15:16.98114,0,1090,1090,12.316559,0.9584,0.018217086791992188
2018-05-21 03:15:16.99941,0,1100,1100,21.828094,0.9644,0.0182650089263916
2018-05-21 03:15:17.09954,0,1110,1110,30.81717,0.966,0.10013484954833984
2018-05-21 03:15:17.11839,0,1120,1120,2.2758808,0.964,0.01884913444519043
2018-05-21 03:15:17.13669,0,1130,1130,14.975932,0.9674,0.01829695701599121
2018-05-21 03:15:17.15484,0,1140,1140,11.7140875,0.9678,0.01814889907836914
2018-05-21 03:15:17.17310,0,1150,1150,3.9166746,0.9654,0.018267154693603516
2018-05-21 03:15:17.19230,0,1160,1160,11.568856,0.9688,0.01919388771057129
2018-05-21 03:15:17.21049,0,1170,1170,8.851625,0.9686,0.018194913864135742
2018-05-21 03:15:17.22966,0,1180,1180,1.4921384,0.9648,0.019170045852661133
2018-05-21 03:15:17.24964,0,1190,1190,8.308075,0.9668,0.019978046417236328
2018-05-21 03:15:17.26798,0,1200,1200,20.604261,0.9684,0.018342018127441406
2018-05-21 03:15:17.28638,0,1210,1210,3.225279,0.964,0.018402099609375
2018-05-21 03:15:17.30465,0,1220,1220,12.28881,0.966,0.0182647705078125
2018-05-21 03:15:17.32474,0,1230,1230,5.5955887,0.9684,0.020092010498046875
2018-05-21 03:15:17.34387,0,1240,1240,2.253687,0.9618,0.019131183624267578
2018-05-21 03:15:17.36202,0,1250,1250,2.766913,0.9684,0.018143892288208008
2018-05-21 03:15:17.38020,0,1260,1260,5.65685,0.9694,0.018182039260864258
2018-05-21 03:15:17.39838,0,1270,1270,2.5290246,0.958,0.018184900283813477
2018-05-21 03:15:17.41669,0,1280,1280,7.5951366,0.9508,0.01830315589904785
2018-05-21 03:15:17.43492,0,1290,1290,11.620307,0.9596,0.01823282241821289
2018-05-21 03:15:17.45341,0,1300,1300,16.145927,0.9606,0.018487215042114258
2018-05-21 03:15:17.47258,0,1310,1310,1.8048949,0.964,0.019177913665771484
2018-05-21 03:15:17.49142,0,1320,1320,17.872677,0.9652,0.01883101463317871
2018-05-21 03:15:17.50960,0,1330,1330,1.9576629,0.9688,0.01818108558654785
2018-05-21 03:15:17.52908,0,1340,1340,7.7746067,0.97,0.01948094367980957
2018-05-21 03:15:17.54752,0,1350,1350,6.122012,0.9662,0.018446922302246094
2018-05-21 03:15:17.56561,0,1360,1360,5.8317785,0.9632,0.018085956573486328
2018-05-21 03:15:17.58375,0,1370,1370,10.890316,0.9636,0.01813507080078125
2018-05-21 03:15:17.60202,0,1380,1380,8.754611,0.9668,0.018271923065185547
2018-05-21 03:15:17.62024,0,1390,1390,8.883468,0.9658,0.018220186233520508
2018-05-21 03:15:17.63828,0,1400,1400,7.1435127,0.9656,0.01804184913635254
2018-05-21 03:15:17.65644,0,1410,1410,3.7570295,0.9664,0.018162012100219727
2018-05-21 03:15:17.67572,0,1420,1420,7.0203495,0.965,0.019282102584838867
2018-05-21 03:15:17.69385,0,1430,1430,4.833934,0.9676,0.018126964569091797
2018-05-21 03:15:17.71203,0,1440,1440,13.548291,0.9706,0.018175840377807617
2018-05-21 03:15:17.73130,0,1450,1450,6.276066,0.9682,0.0192720890045166
2018-05-21 03:15:17.74933,0,1460,1460,10.099304,0.9678,0.018027067184448242
2018-05-21 03:15:17.76900,0,1470,1470,8.678775,0.9664,0.019675016403198242
2018-05-21 03:15:17.78710,0,1480,1480,11.021004,0.966,0.018095970153808594
2018-05-21 03:15:17.80519,0,1490,1490,11.130418,0.9678,0.018090009689331055
2018-05-21 03:15:17.82373,0,1500,1500,3.5346067,0.9704,0.018548011779785156
2018-05-21 03:15:17.84190,0,1510,1510,1.2228242,0.9672,0.01816105842590332
2018-05-21 03:15:17.86008,0,1520,1520,7.9624176,0.9658,0.01818394660949707
2018-05-21 03:15:17.87825,0,1530,1530,6.720283,0.967,0.018175840377807617
2018-05-21 03:15:17.89651,0,1540,1540,5.353816,0.9664,0.018252134323120117
2018-05-21 03:15:17.91462,0,1550,1550,1.0082316,0.9636,0.01811504364013672
2018-05-21 03:15:17.93291,0,1560,1560,7.118682,0.9682,0.018288850784301758
2018-05-21 03:15:17.95260,0,1570,1570,3.444573,0.9598,0.019690990447998047
2018-05-21 03:15:17.97088,0,1580,1580,17.54778,0.9672,0.018280029296875
2018-05-21 03:15:17.98907,0,1590,1590,15.088947,0.9692,0.01818394660949707
2018-05-21 03:15:18.00691,0,1600,1600,3.0820453,0.9642,0.017843008041381836
2018-05-21 03:15:18.02531,0,1610,1610,2.8949084,0.9698,0.018403053283691406
2018-05-21 03:15:18.04531,0,1620,1620,1.2878784,0.969,0.01999807357788086
2018-05-21 03:15:18.06421,0,1630,1630,6.568466,0.9704,0.018902063369750977
2018-05-21 03:15:18.08187,0,1640,1640,18.515657,0.9656,0.01765584945678711
2018-05-21 03:15:18.10061,0,1650,1650,13.422619,0.971,0.018741130828857422
2018-05-21 03:15:18.20132,0,1660,1660,5.320062,0.9708,0.1007080078125
2018-05-21 03:15:18.22106,0,1670,1670,8.553127,0.9694,0.019737958908081055
2018-05-21 03:15:18.24024,0,1680,1680,6.420621,0.968,0.01918792724609375
2018-05-21 03:15:18.25845,0,1690,1690,2.1774793,0.9712,0.018208026885986328
2018-05-21 03:15:18.27679,0,1700,1700,1.4004449,0.9674,0.01833510398864746
2018-05-21 03:15:18.29540,0,1710,1710,4.24056,0.9686,0.01861882209777832
2018-05-21 03:15:18.31375,0,1720,1720,9.81257,0.9714,0.01834702491760254
2018-05-21 03:15:18.33291,0,1730,1730,5.4912634,0.9656,0.019155025482177734
2018-05-21 03:15:18.35435,0,1740,1740,4.353123,0.9674,0.02144002914428711
2018-05-21 03:15:18.37584,0,1750,1750,8.072021,0.9692,0.021497011184692383
2018-05-21 03:15:18.39600,0,1760,1760,1.1486974,0.9684,0.02015995979309082
2018-05-21 03:15:18.41529,0,1770,1770,6.336856,0.9622,0.019289016723632812
2018-05-21 03:15:18.43540,0,1780,1780,5.609346,0.969,0.020110130310058594
2018-05-21 03:15:18.45501,0,1790,1790,8.186865,0.967,0.0196077823638916
2018-05-21 03:15:18.47623,0,1800,1800,2.7919397,0.968,0.021216154098510742
2018-05-21 03:15:18.49579,0,1810,1810,10.136611,0.966,0.019557952880859375
2018-05-21 03:15:18.51776,0,1820,1820,12.823788,0.9696,0.021975994110107422
2018-05-21 03:15:18.53738,0,1830,1830,16.978249,0.9658,0.019615888595581055
2018-05-21 03:15:18.55648,0,1840,1840,17.615417,0.9694,0.019108057022094727
2018-05-21 03:15:18.57465,0,1850,1850,14.179312,0.9692,0.018167972564697266
2018-05-21 03:15:18.59272,0,1860,1860,9.790024,0.9706,0.0180661678314209
2018-05-21 03:15:18.61199,0,1870,1870,17.046623,0.9702,0.0192718505859375
2018-05-21 03:15:18.63013,0,1880,1880,7.9674873,0.9654,0.018134117126464844
2018-05-21 03:15:18.64835,0,1890,1890,8.909953,0.967,0.018224000930786133
2018-05-21 03:15:18.66659,0,1900,1900,14.09017,0.9714,0.018244028091430664
2018-05-21 03:15:18.68486,0,1910,1910,16.60439,0.9606,0.018265962600708008
2018-05-21 03:15:18.70329,0,1920,1920,12.028997,0.9652,0.018435955047607422
2018-05-21 03:15:18.72146,0,1930,1930,8.387891,0.9646,0.01816701889038086
2018-05-21 03:15:18.73962,0,1940,1940,10.310742,0.9674,0.018157005310058594
2018-05-21 03:15:18.75775,0,1950,1950,6.573325,0.9686,0.01813197135925293
2018-05-21 03:15:18.77615,0,1960,1960,10.523847,0.966,0.018394947052001953
2018-05-21 03:15:18.79487,0,1970,1970,4.7734423,0.9676,0.018725156784057617
2018-05-21 03:15:18.81311,0,1980,1980,7.7974267,0.9646,0.01823592185974121
2018-05-21 03:15:18.83152,0,1990,1990,10.639454,0.9708,0.018409013748168945
2018-05-21 03:15:18.84994,0,2000,2000,4.873874,0.9708,0.018425941467285156
2018-05-21 03:15:18.86945,0,2010,2010,3.1347437,0.9688,0.019505023956298828
2018-05-21 03:15:18.88762,0,2020,2020,15.808437,0.9668,0.0181729793548584
2018-05-21 03:15:18.90610,0,2030,2030,8.003376,0.9636,0.018481969833374023
2018-05-21 03:15:18.92426,0,2040,2040,24.576103,0.9664,0.018156051635742188
2018-05-21 03:15:18.94257,0,2050,2050,15.011109,0.9674,0.018313884735107422
2018-05-21 03:15:18.96059,0,2060,2060,19.57275,0.968,0.018015146255493164
2018-05-21 03:15:18.97969,0,2070,2070,5.944417,0.967,0.01910090446472168
2018-05-21 03:15:18.99792,0,2080,2080,12.2897415,0.9678,0.01823115348815918
2018-05-21 03:15:19.01607,0,2090,2090,2.9834023,0.969,0.01815485954284668
2018-05-21 03:15:19.03403,0,2100,2100,3.267612,0.967,0.017956972122192383
2018-05-21 03:15:19.05329,0,2110,2110,15.208641,0.9624,0.019258975982666016
2018-05-21 03:15:19.07150,0,2120,2120,3.3611255,0.9646,0.018210172653198242
2018-05-21 03:15:19.09019,0,2130,2130,18.843197,0.966,0.018692970275878906
2018-05-21 03:15:19.10851,0,2140,2140,12.043085,0.9644,0.01831793785095215
2018-05-21 03:15:19.12683,0,2150,2150,6.3058653,0.9642,0.018316984176635742
2018-05-21 03:15:19.14558,0,2160,2160,8.230834,0.9672,0.018751144409179688
2018-05-21 03:15:19.16457,0,2170,2170,14.292599,0.9694,0.01899099349975586
2018-05-21 03:15:19.18408,0,2180,2180,2.5345864,0.9694,0.01950979232788086
2018-05-21 03:15:19.20375,0,2190,2190,1.4275954,0.965,0.019671201705932617
2018-05-21 03:15:19.22256,0,2200,2200,27.686642,0.971,0.018805980682373047
2018-05-21 03:15:19.32169,0,2210,2210,19.806412,0.9708,0.09913492202758789
2018-05-21 03:15:19.34266,0,2220,2220,4.7898803,0.9676,0.02096390724182129
2018-05-21 03:15:19.36149,0,2230,2230,2.016202,0.9724,0.01883101463317871
2018-05-21 03:15:19.38121,0,2240,2240,7.562179,0.9698,0.019720077514648438
2018-05-21 03:15:19.39964,0,2250,2250,13.561295,0.9728,0.018429994583129883
2018-05-21 03:15:19.41798,0,2260,2260,0.5014193,0.9702,0.018341064453125
2018-05-21 03:15:19.43608,0,2270,2270,8.062535,0.9718,0.018106937408447266
2018-05-21 03:15:19.45576,0,2280,2280,1.1323061,0.971,0.019676923751831055
2018-05-21 03:15:19.47483,0,2290,2290,2.5000901,0.9668,0.01906418800354004
2018-05-21 03:15:19.49293,0,2300,2300,13.077382,0.9686,0.01810598373413086
2018-05-21 03:15:19.51113,0,2310,2310,6.8809195,0.9692,0.018196821212768555
2018-05-21 03:15:19.52965,0,2320,2320,3.788631,0.9728,0.01851820945739746
2018-05-21 03:15:19.54777,0,2330,2330,3.0453203,0.9724,0.01812577247619629
2018-05-21 03:15:19.56581,0,2340,2340,11.236482,0.9728,0.018038034439086914
2018-05-21 03:15:19.58420,0,2350,2350,2.9426904,0.9698,0.018391132354736328
2018-05-21 03:15:19.60253,0,2360,2360,1.8072543,0.9658,0.0183260440826416
2018-05-21 03:15:19.62073,0,2370,2370,9.275658,0.969,0.01820683479309082
2018-05-21 03:15:19.63947,0,2380,2380,7.8530602,0.9682,0.018731117248535156
2018-05-21 03:15:19.65775,0,2390,2390,13.343935,0.969,0.018286943435668945
2018-05-21 03:15:19.67738,0,2400,2400,10.918551,0.973,0.019622087478637695
2018-05-21 03:15:19.69544,0,2410,2410,15.786766,0.9692,0.01806187629699707
2018-05-21 03:15:19.71370,0,2420,2420,4.7987533,0.9698,0.01826310157775879
2018-05-21 03:15:19.73194,0,2430,2430,9.251986,0.9684,0.018236875534057617
2018-05-21 03:15:19.74984,0,2440,2440,9.259781,0.9682,0.017898082733154297
2018-05-21 03:15:19.76795,0,2450,2450,6.743301,0.9632,0.01811695098876953
2018-05-21 03:15:19.78609,0,2460,2460,6.511929,0.9674,0.018134117126464844
2018-05-21 03:15:19.80442,0,2470,2470,15.680408,0.9688,0.018330812454223633
2018-05-21 03:15:19.82262,0,2480,2480,6.1996756,0.9682,0.018207073211669922
2018-05-21 03:15:19.84104,0,2490,2490,5.303651,0.9702,0.018414020538330078
2018-05-21 03:15:19.85933,0,2500,2500,11.505908,0.9662,0.018292903900146484
2018-05-21 03:15:19.87744,0,2510,2510,17.936111,0.9678,0.018105030059814453
2018-05-21 03:15:19.89568,0,2520,2520,8.676001,0.9694,0.018246173858642578
2018-05-21 03:15:19.91421,0,2530,2530,7.856376,0.9724,0.01852893829345703
2018-05-21 03:15:19.93273,0,2540,2540,4.438631,0.9694,0.01852107048034668
2018-05-21 03:15:19.95184,0,2550,2550,12.806378,0.9714,0.019107818603515625
2018-05-21 03:15:19.96987,0,2560,2560,16.612171,0.967,0.01802515983581543
2018-05-21 03:15:19.98800,0,2570,2570,10.734073,0.9654,0.01813483238220215
2018-05-21 03:15:20.00648,0,2580,2580,9.96079,0.9684,0.018479108810424805
2018-05-21 03:15:20.02537,0,2590,2590,4.5840945,0.9622,0.018890857696533203
2018-05-21 03:15:20.04367,0,2600,2600,1.2704356,0.9674,0.01830005645751953
2018-05-21 03:15:20.06222,0,2610,2610,3.5010366,0.9652,0.018551111221313477
2018-05-21 03:15:20.08197,0,2620,2620,12.104837,0.969,0.01975393295288086
2018-05-21 03:15:20.10048,0,2630,2630,5.393487,0.9716,0.018507957458496094
2018-05-21 03:15:20.11866,0,2640,2640,26.66322,0.972,0.018178939819335938
2018-05-21 03:15:20.13658,0,2650,2650,19.552923,0.9682,0.017918109893798828
2018-05-21 03:15:20.15472,0,2660,2660,1.3991272,0.9722,0.01814103126525879
2018-05-21 03:15:20.17324,0,2670,2670,4.613702,0.9694,0.018518924713134766
2018-05-21 03:15:20.19137,0,2680,2680,4.79387,0.969,0.01813197135925293
2018-05-21 03:15:20.20938,0,2690,2690,9.217937,0.9664,0.018007993698120117
2018-05-21 03:15:20.22755,0,2700,2700,11.3023205,0.973,0.018165111541748047
2018-05-21 03:15:20.24571,0,2710,2710,13.085522,0.9688,0.018167972564697266
2018-05-21 03:15:20.26504,0,2720,2720,3.343699,0.971,0.019327878952026367
2018-05-21 03:15:20.28345,0,2730,2730,5.0045104,0.9724,0.018406152725219727
2018-05-21 03:15:20.30164,0,2740,2740,21.998455,0.97,0.018187999725341797
2018-05-21 03:15:20.32147,0,2750,2750,10.927003,0.9698,0.019835948944091797
2018-05-21 03:15:20.42054,0,2760,2760,10.232939,0.9704,0.09906792640686035
2018-05-21 03:15:20.43959,0,2770,2770,5.1001205,0.9674,0.019054174423217773
2018-05-21 03:15:20.46096,0,2780,2780,0.3627704,0.9708,0.021364927291870117
2018-05-21 03:15:20.47963,0,2790,2790,4.75456,0.9722,0.01867198944091797
2018-05-21 03:15:20.49761,0,2800,2800,4.856818,0.9718,0.017976999282836914
2018-05-21 03:15:20.51621,0,2810,2810,6.282245,0.971,0.018598079681396484
2018-05-21 03:15:20.53562,0,2820,2820,7.5231214,0.971,0.01941680908203125
2018-05-21 03:15:20.55362,0,2830,2830,12.310468,0.969,0.01799321174621582
2018-05-21 03:15:20.57356,0,2840,2840,6.977492,0.968,0.019943952560424805
2018-05-21 03:15:20.59166,0,2850,2850,6.4386244,0.9716,0.018103837966918945
2018-05-21 03:15:20.60988,0,2860,2860,8.17393,0.9674,0.018220186233520508
2018-05-21 03:15:20.62798,0,2870,2870,1.0145037,0.9694,0.018097877502441406
2018-05-21 03:15:20.64596,0,2880,2880,27.737936,0.9716,0.017976045608520508
2018-05-21 03:15:20.66437,0,2890,2890,8.20442,0.9718,0.018414974212646484
2018-05-21 03:15:20.68288,0,2900,2900,5.8029385,0.9718,0.018511056900024414
2018-05-21 03:15:20.70123,0,2910,2910,2.0715983,0.9712,0.01834392547607422
2018-05-21 03:15:20.72058,0,2920,2920,1.5214869,0.9728,0.01935410499572754
2018-05-21 03:15:20.73860,0,2930,2930,3.798254,0.9702,0.018018007278442383
2018-05-21 03:15:20.75662,0,2940,2940,2.351379,0.9734,0.018023014068603516
2018-05-21 03:15:20.77472,0,2950,2950,7.045948,0.9738,0.018096923828125
2018-05-21 03:15:20.79251,0,2960,2960,2.6479733,0.9724,0.017793893814086914
2018-05-21 03:15:20.81110,0,2970,2970,8.578389,0.9732,0.01859116554260254
2018-05-21 03:15:20.83064,0,2980,2980,3.2716162,0.9716,0.019539833068847656
2018-05-21 03:15:20.84870,0,2990,2990,3.1232543,0.972,0.018058061599731445
2018-05-21 03:15:20.86699,0,3000,3000,1.5993983,0.9716,0.01828908920288086
2018-05-21 03:15:20.88783,0,3010,3010,5.665146,0.9696,0.020838022232055664
2018-05-21 03:15:20.90653,0,3020,3020,1.8687992,0.972,0.01869797706604004
2018-05-21 03:15:20.92492,0,3030,3030,12.376053,0.9726,0.018393993377685547
2018-05-21 03:15:20.94377,0,3040,3040,1.7024276,0.9726,0.01885199546813965
2018-05-21 03:15:20.96194,0,3050,3050,7.4800982,0.9682,0.018169879913330078
2018-05-21 03:15:20.98025,0,3060,3060,11.604991,0.972,0.018311023712158203
2018-05-21 03:15:20.99855,0,3070,3070,1.8974009,0.9724,0.01829695701599121
2018-05-21 03:15:21.01679,0,3080,3080,2.6205184,0.9658,0.018241167068481445
2018-05-21 03:15:21.03601,0,3090,3090,7.720368,0.971,0.019217967987060547
2018-05-21 03:15:21.05401,0,3100,3100,6.227693,0.9686,0.018001079559326172
2018-05-21 03:15:21.07219,0,3110,3110,1.9507316,0.9686,0.018176794052124023
2018-05-21 03:15:21.09015,0,3120,3120,7.2055535,0.971,0.01796698570251465
2018-05-21 03:15:21.10872,0,3130,3130,4.275069,0.9712,0.018563032150268555
2018-05-21 03:15:21.12714,0,3140,3140,2.8638926,0.9706,0.018423080444335938
2018-05-21 03:15:21.14582,0,3150,3150,8.192062,0.9724,0.018683910369873047
2018-05-21 03:15:21.16423,0,3160,3160,5.7451572,0.97,0.018404006958007812
2018-05-21 03:15:21.18255,0,3170,3170,9.153084,0.9664,0.01831817626953125
2018-05-21 03:15:21.20058,0,3180,3180,2.0075,0.969,0.018028974533081055
2018-05-21 03:15:21.21897,0,3190,3190,11.0614805,0.9688,0.018397808074951172
2018-05-21 03:15:21.23704,0,3200,3200,5.3817368,0.9712,0.018061161041259766
2018-05-21 03:15:21.25536,0,3210,3210,9.764482,0.9718,0.018323898315429688
2018-05-21 03:15:21.27457,0,3220,3220,9.047714,0.9684,0.01920914649963379
2018-05-21 03:15:21.29314,0,3230,3230,6.080132,0.9726,0.018574953079223633
2018-05-21 03:15:21.31340,0,3240,3240,10.290212,0.9696,0.020259857177734375
2018-05-21 03:15:21.33145,0,3250,3250,11.165167,0.9682,0.01804804801940918
2018-05-21 03:15:21.34966,0,3260,3260,2.1544535,0.9718,0.018213987350463867
2018-05-21 03:15:21.36812,0,3270,3270,2.668316,0.9684,0.018453121185302734
2018-05-21 03:15:21.38658,0,3280,3280,1.4744934,0.9658,0.01846003532409668
2018-05-21 03:15:21.40491,0,3290,3290,4.9979525,0.9704,0.018326997756958008
2018-05-21 03:15:21.42321,0,3300,3300,9.805394,0.9732,0.018307924270629883
2018-05-21 03:15:21.52266,0,3310,3310,5.0470343,0.9706,0.09944391250610352
2018-05-21 03:15:21.54175,0,3320,3320,10.978724,0.9668,0.01909804344177246
2018-05-21 03:15:21.56090,0,3330,3330,1.606035,0.9692,0.019143104553222656
2018-05-21 03:15:21.57897,0,3340,3340,2.6243708,0.971,0.01807689666748047
2018-05-21 03:15:21.59688,0,3350,3350,20.530907,0.9684,0.017907142639160156
2018-05-21 03:15:21.61526,0,3360,3360,1.9545639,0.9678,0.01837778091430664
2018-05-21 03:15:21.63340,0,3370,3370,1.0925176,0.9724,0.01813817024230957
2018-05-21 03:15:21.65264,0,3380,3380,2.8431094,0.9642,0.01923990249633789
2018-05-21 03:15:21.67111,0,3390,3390,4.634528,0.9674,0.018474102020263672
2018-05-21 03:15:21.68923,0,3400,3400,21.6799,0.967,0.018117904663085938
2018-05-21 03:15:21.70917,0,3410,3410,6.549455,0.9628,0.0199429988861084
2018-05-21 03:15:21.72759,0,3420,3420,7.0770516,0.9696,0.018414020538330078
2018-05-21 03:15:21.74721,0,3430,3430,7.355612,0.9708,0.01961803436279297
2018-05-21 03:15:21.76549,0,3440,3440,13.821364,0.9674,0.01828598976135254
2018-05-21 03:15:21.78451,0,3450,3450,12.536518,0.9674,0.019018888473510742
2018-05-21 03:15:21.80475,0,3460,3460,4.101334,0.969,0.020238161087036133
2018-05-21 03:15:21.82457,0,3470,3470,4.4110355,0.9702,0.019824981689453125
2018-05-21 03:15:21.84317,0,3480,3480,0.89983666,0.9712,0.018596887588500977
2018-05-21 03:15:21.86161,0,3490,3490,2.3319974,0.9708,0.01844310760498047
2018-05-21 03:15:21.87993,0,3500,3500,16.616482,0.9658,0.01831197738647461
2018-05-21 03:15:21.89790,0,3510,3510,2.2482579,0.9676,0.017978906631469727
2018-05-21 03:15:21.91599,0,3520,3520,2.559722,0.9698,0.018090009689331055
2018-05-21 03:15:21.93423,0,3530,3530,6.5067873,0.9636,0.018239974975585938
2018-05-21 03:15:21.95236,0,3540,3540,3.4986887,0.9678,0.018124103546142578
2018-05-21 03:15:21.97040,0,3550,3550,1.5720015,0.9686,0.018037080764770508
2018-05-21 03:15:21.98884,0,3560,3560,19.050486,0.967,0.018445968627929688
2018-05-21 03:15:22.00695,0,3570,3570,6.621068,0.9684,0.018107891082763672
2018-05-21 03:15:22.02525,0,3580,3580,2.1542513,0.9744,0.018301010131835938
2018-05-21 03:15:22.04314,0,3590,3590,2.5357363,0.9698,0.01789093017578125
2018-05-21 03:15:22.06149,0,3600,3600,12.570785,0.9728,0.01835012435913086
2018-05-21 03:15:22.08143,0,3610,3610,18.237066,0.9722,0.019938945770263672
2018-05-21 03:15:22.09945,0,3620,3620,1.0155975,0.9652,0.01801896095275879
2018-05-21 03:15:22.11855,0,3630,3630,2.2858539,0.9694,0.019102096557617188
2018-05-21 03:15:22.13677,0,3640,3640,5.6376667,0.971,0.01821589469909668
2018-05-21 03:15:22.15536,0,3650,3650,1.5884407,0.9716,0.018596172332763672
2018-05-21 03:15:22.17370,0,3660,3660,4.925343,0.9722,0.018338918685913086
2018-05-21 03:15:22.19206,0,3670,3670,16.250889,0.9712,0.018357038497924805
2018-05-21 03:15:22.21050,0,3680,3680,0.33664832,0.9752,0.018436908721923828
2018-05-21 03:15:22.22872,0,3690,3690,9.03089,0.9736,0.01822495460510254
2018-05-21 03:15:22.24678,0,3700,3700,1.952974,0.9738,0.01805901527404785
2018-05-21 03:15:22.26473,0,3710,3710,18.430609,0.974,0.01795196533203125
2018-05-21 03:15:22.28274,0,3720,3720,7.823836,0.9758,0.018009185791015625
2018-05-21 03:15:22.30074,0,3730,3730,0.46735805,0.9706,0.01800084114074707
2018-05-21 03:15:22.32064,0,3740,3740,3.025533,0.9726,0.019895076751708984
2018-05-21 03:15:22.33890,0,3750,3750,8.398695,0.9714,0.018264055252075195
2018-05-21 03:15:22.35716,0,3760,3760,5.550511,0.9732,0.018255949020385742
2018-05-21 03:15:22.37525,0,3770,3770,7.7745237,0.9708,0.01809096336364746
2018-05-21 03:15:22.39361,0,3780,3780,13.350873,0.9724,0.01836395263671875
2018-05-21 03:15:22.41168,0,3790,3790,16.274553,0.971,0.018069982528686523
2018-05-21 03:15:22.42999,0,3800,3800,17.991676,0.9732,0.018305063247680664
2018-05-21 03:15:22.45014,0,3810,3810,4.1987863,0.974,0.02014899253845215
2018-05-21 03:15:22.46829,0,3820,3820,5.552582,0.9656,0.018154144287109375
2018-05-21 03:15:22.48772,0,3830,3830,13.658789,0.9732,0.019433021545410156
2018-05-21 03:15:22.50588,0,3840,3840,0.2328498,0.9686,0.018155813217163086
2018-05-21 03:15:22.52456,0,3850,3850,9.130726,0.9704,0.018677949905395508
2018-05-21 03:15:22.62551,0,3860,3860,6.153795,0.97,0.10095500946044922
2018-05-21 03:15:22.64480,0,3870,3870,2.0481086,0.968,0.019289016723632812
2018-05-21 03:15:22.66393,0,3880,3880,5.736352,0.9714,0.01912713050842285
2018-05-21 03:15:22.68256,0,3890,3890,0.36225396,0.9698,0.0186309814453125
2018-05-21 03:15:22.70144,0,3900,3900,17.213575,0.9698,0.018877029418945312
2018-05-21 03:15:22.71992,0,3910,3910,2.8970988,0.9704,0.018485069274902344
2018-05-21 03:15:22.73816,0,3920,3920,4.941022,0.9696,0.018242835998535156
2018-05-21 03:15:22.75623,0,3930,3930,6.4768095,0.9718,0.018063068389892578
2018-05-21 03:15:22.77398,0,3940,3940,3.1474113,0.9704,0.01774907112121582
2018-05-21 03:15:22.79200,0,3950,3950,15.623207,0.9708,0.018021821975708008
2018-05-21 03:15:22.81005,0,3960,3960,2.5982528,0.97,0.018056154251098633
2018-05-21 03:15:22.82832,0,3970,3970,4.712208,0.9688,0.01826190948486328
2018-05-21 03:15:22.84676,0,3980,3980,5.733906,0.968,0.01844000816345215
2018-05-21 03:15:22.86514,0,3990,3990,0.2160583,0.9668,0.018388986587524414
2018-05-21 03:15:22.88416,0,4000,4000,8.199088,0.9708,0.019015073776245117
2018-05-21 03:15:22.90229,0,4010,4010,10.493852,0.969,0.018125057220458984
2018-05-21 03:15:22.92070,0,4020,4020,21.111248,0.969,0.01841592788696289
2018-05-21 03:15:22.93900,0,4030,4030,3.5930405,0.9706,0.018296003341674805
2018-05-21 03:15:22.95702,0,4040,4040,4.7061667,0.9686,0.018018007278442383
2018-05-21 03:15:22.97496,0,4050,4050,0.66645867,0.9674,0.017945051193237305
2018-05-21 03:15:22.99345,0,4060,4060,10.693022,0.9684,0.01849198341369629
2018-05-21 03:15:23.01263,0,4070,4070,1.6944903,0.9676,0.019173860549926758
2018-05-21 03:15:23.03074,0,4080,4080,1.5825572,0.9714,0.018113136291503906
2018-05-21 03:15:23.04876,0,4090,4090,9.193686,0.9708,0.01801896095275879
2018-05-21 03:15:23.06686,0,4100,4100,1.2980665,0.9694,0.018106937408447266
2018-05-21 03:15:23.08496,0,4110,4110,8.640859,0.969,0.018098115921020508
2018-05-21 03:15:23.10322,0,4120,4120,11.168693,0.9692,0.018257856369018555
2018-05-21 03:15:23.12120,0,4130,4130,6.565956,0.9678,0.017974138259887695
2018-05-21 03:15:23.13960,0,4140,4140,0.39590704,0.9684,0.018400907516479492
2018-05-21 03:15:23.15801,0,4150,4150,4.2475724,0.967,0.01841592788696289
2018-05-21 03:15:23.17650,0,4160,4160,5.8735843,0.9692,0.01848316192626953
2018-05-21 03:15:23.19470,0,4170,4170,11.12645,0.9708,0.0182039737701416
2018-05-21 03:15:23.21280,0,4180,4180,1.4123727,0.9728,0.018097877502441406
2018-05-21 03:15:23.23119,0,4190,4190,1.4370141,0.9704,0.018393993377685547
2018-05-21 03:15:23.24915,0,4200,4200,2.7579072,0.967,0.017956018447875977
2018-05-21 03:15:23.26715,0,4210,4210,8.081996,0.967,0.018007993698120117
2018-05-21 03:15:23.28509,0,4220,4220,1.6136922,0.9654,0.01793694496154785
2018-05-21 03:15:23.30352,0,4230,4230,5.194401,0.9686,0.018429040908813477
2018-05-21 03:15:23.32188,0,4240,4240,10.145942,0.9678,0.018357038497924805
2018-05-21 03:15:23.33995,0,4250,4250,8.868021,0.9722,0.01806807518005371
2018-05-21 03:15:23.35798,0,4260,4260,3.442191,0.9648,0.018038034439086914
2018-05-21 03:15:23.37614,0,4270,4270,10.248014,0.9688,0.018151044845581055
2018-05-21 03:15:23.39512,0,4280,4280,16.221792,0.9674,0.018982887268066406
2018-05-21 03:15:23.41322,0,4290,4290,14.814922,0.9612,0.01810002326965332
2018-05-21 03:15:23.43120,0,4300,4300,22.37696,0.968,0.017979860305786133
2018-05-21 03:15:23.45021,0,4310,4310,9.105616,0.9644,0.019015073776245117
2018-05-21 03:15:23.46999,0,4320,4320,11.368052,0.9688,0.019772052764892578
2018-05-21 03:15:23.48972,0,4330,4330,4.6648965,0.9698,0.019732952117919922
2018-05-21 03:15:23.50805,0,4340,4340,2.290202,0.9674,0.018337011337280273
2018-05-21 03:15:23.52850,0,4350,4350,16.751972,0.9652,0.0204470157623291
2018-05-21 03:15:23.54689,0,4360,4360,1.9917679,0.9692,0.018390893936157227
2018-05-21 03:15:23.56515,0,4370,4370,10.684621,0.9668,0.018259048461914062
2018-05-21 03:15:23.58308,0,4380,4380,18.726395,0.9686,0.017924070358276367
2018-05-21 03:15:23.60124,0,4390,4390,1.1521294,0.9702,0.018166065216064453
2018-05-21 03:15:23.61958,0,4400,4400,16.43562,0.9714,0.0183408260345459
2018-05-21 03:15:23.72101,0,4410,4410,1.5176597,0.9722,0.10142898559570312
2018-05-21 03:15:23.74006,0,4420,4420,4.523548,0.9698,0.019045114517211914
2018-05-21 03:15:23.75904,0,4430,4430,1.3856217,0.9712,0.01898193359375
2018-05-21 03:15:23.77851,0,4440,4440,4.359294,0.9694,0.01947307586669922
2018-05-21 03:15:23.79707,0,4450,4450,1.9850467,0.9736,0.01856088638305664
2018-05-21 03:15:23.81519,0,4460,4460,2.1865182,0.9704,0.0181121826171875
2018-05-21 03:15:23.83337,0,4470,4470,11.820326,0.968,0.01818990707397461
2018-05-21 03:15:23.85178,0,4480,4480,6.88315,0.9714,0.018404006958007812
2018-05-21 03:15:23.87000,0,4490,4490,4.559844,0.973,0.018219947814941406
2018-05-21 03:15:23.88807,0,4500,4500,21.721518,0.9716,0.018074989318847656
2018-05-21 03:15:23.90621,0,4510,4510,2.8961284,0.974,0.01813197135925293
2018-05-21 03:15:23.92563,0,4520,4520,3.1124568,0.9722,0.01942300796508789
2018-05-21 03:15:23.94379,0,4530,4530,1.8441272,0.9686,0.018160104751586914
2018-05-21 03:15:23.96207,0,4540,4540,0.19587973,0.9692,0.018284082412719727
2018-05-21 03:15:23.98013,0,4550,4550,2.7875648,0.9682,0.018056869506835938
2018-05-21 03:15:23.99826,0,4560,4560,2.0463064,0.972,0.018127918243408203
2018-05-21 03:15:24.01734,0,4570,4570,8.890253,0.9698,0.019079208374023438
2018-05-21 03:15:24.03579,0,4580,4580,0.060615297,0.9708,0.018452882766723633
2018-05-21 03:15:24.05423,0,4590,4590,9.11382,0.9702,0.01844191551208496
2018-05-21 03:15:24.07240,0,4600,4600,9.802055,0.9704,0.018169164657592773
2018-05-21 03:15:24.09054,0,4610,4610,0.9622053,0.9714,0.018141984939575195
2018-05-21 03:15:24.10866,0,4620,4620,2.3795226,0.9726,0.018118858337402344
2018-05-21 03:15:24.12698,0,4630,4630,12.97869,0.972,0.01831817626953125
2018-05-21 03:15:24.14527,0,4640,4640,4.3954744,0.9702,0.01828789710998535
2018-05-21 03:15:24.16346,0,4650,4650,1.8536867,0.9692,0.01819014549255371
2018-05-21 03:15:24.18277,0,4660,4660,14.076101,0.968,0.01930999755859375
2018-05-21 03:15:24.20121,0,4670,4670,2.1135838,0.9692,0.018439769744873047
2018-05-21 03:15:24.21950,0,4680,4680,0.29770404,0.97,0.018288135528564453
2018-05-21 03:15:24.23767,0,4690,4690,6.5878787,0.9696,0.01817488670349121
2018-05-21 03:15:24.25759,0,4700,4700,3.7333539,0.973,0.01992201805114746
2018-05-21 03:15:24.27592,0,4710,4710,4.7226357,0.9728,0.018331050872802734
2018-05-21 03:15:24.29424,0,4720,4720,7.9237943,0.973,0.018319129943847656
2018-05-21 03:15:24.31293,0,4730,4730,5.267896,0.9706,0.01868581771850586
2018-05-21 03:15:24.33184,0,4740,4740,5.4133997,0.9664,0.018912076950073242
2018-05-21 03:15:24.35080,0,4750,4750,9.685436,0.9684,0.018963098526000977
2018-05-21 03:15:24.36915,0,4760,4760,1.3202323,0.9686,0.018344879150390625
2018-05-21 03:15:24.38744,0,4770,4770,2.9809647,0.9724,0.018294095993041992
2018-05-21 03:15:24.40570,0,4780,4780,2.557551,0.9728,0.01825404167175293
2018-05-21 03:15:24.42383,0,4790,4790,1.9598598,0.9698,0.018127918243408203
2018-05-21 03:15:24.44207,0,4800,4800,6.326988,0.9634,0.018240928649902344
2018-05-21 03:15:24.46050,0,4810,4810,26.977303,0.9694,0.018438100814819336
2018-05-21 03:15:24.47881,0,4820,4820,19.324127,0.967,0.018304824829101562
2018-05-21 03:15:24.49692,0,4830,4830,5.8453546,0.967,0.018111228942871094
2018-05-21 03:15:24.51500,0,4840,4840,8.550278,0.966,0.018075942993164062
2018-05-21 03:15:24.53351,0,4850,4850,0.86360025,0.9696,0.018518924713134766
2018-05-21 03:15:24.55326,0,4860,4860,21.959496,0.9704,0.01974201202392578
2018-05-21 03:15:24.57154,0,4870,4870,17.9662,0.969,0.018280982971191406
2018-05-21 03:15:24.58956,0,4880,4880,0.94018424,0.9682,0.018019914627075195
2018-05-21 03:15:24.60933,0,4890,4890,4.115567,0.969,0.01976919174194336
2018-05-21 03:15:24.62738,0,4900,4900,10.275921,0.9636,0.018054962158203125
2018-05-21 03:15:24.64578,0,4910,4910,9.505638,0.9678,0.0184018611907959
2018-05-21 03:15:24.66371,0,4920,4920,19.523783,0.9688,0.0179290771484375
2018-05-21 03:15:24.68202,0,4930,4930,2.2413416,0.9664,0.01831197738647461
2018-05-21 03:15:24.69990,0,4940,4940,3.9574084,0.969,0.017879962921142578
2018-05-21 03:15:24.71792,0,4950,4950,1.2644153,0.9686,0.018015146255493164
2018-05-21 03:15:24.82337,0,4960,4960,11.2744255,0.9694,0.10544896125793457
2018-05-21 03:15:24.84223,0,4970,4970,6.6563096,0.972,0.01886296272277832
2018-05-21 03:15:24.86061,0,4980,4980,1.9212426,0.9724,0.01837611198425293
2018-05-21 03:15:24.87891,0,4990,4990,3.3614626,0.969,0.01829695701599121
2018-05-21 03:15:24.89742,0,5000,5000,5.919838,0.9708,0.01851201057434082
2018-05-21 03:15:24.91550,0,5010,5010,0.36831656,0.9724,0.018082857131958008
2018-05-21 03:15:24.93392,0,5020,5020,6.2426176,0.9714,0.01841902732849121
2018-05-21 03:15:24.95407,0,5030,5030,2.2160258,0.9686,0.020153045654296875
2018-05-21 03:15:24.97231,0,5040,5040,4.0437,0.9678,0.018233060836791992
2018-05-21 03:15:24.99029,0,5050,5050,4.213179,0.9724,0.017987966537475586
2018-05-21 03:15:25.00857,0,5060,5060,14.3010235,0.9698,0.018280029296875
2018-05-21 03:15:25.02685,0,5070,5070,3.8770447,0.9682,0.018275022506713867
2018-05-21 03:15:25.04506,0,5080,5080,5.366516,0.9692,0.018216848373413086
2018-05-21 03:15:25.06354,0,5090,5090,6.3162303,0.9684,0.01847100257873535
2018-05-21 03:15:25.08158,0,5100,5100,6.948143,0.9696,0.018043994903564453
2018-05-21 03:15:25.09964,0,5110,5110,1.9803996,0.9712,0.018064022064208984
2018-05-21 03:15:25.11773,0,5120,5120,13.877481,0.9712,0.01808309555053711
2018-05-21 03:15:25.13606,0,5130,5130,13.647365,0.971,0.018333911895751953
2018-05-21 03:15:25.15405,0,5140,5140,5.7171803,0.9724,0.017991065979003906
2018-05-21 03:15:25.17220,0,5150,5150,6.888723,0.9726,0.018143892288208008
2018-05-21 03:15:25.19037,0,5160,5160,3.8559117,0.97,0.018175125122070312
2018-05-21 03:15:25.20869,0,5170,5170,4.134105,0.9732,0.018316984176635742
2018-05-21 03:15:25.22802,0,5180,5180,10.018932,0.9698,0.019329071044921875
2018-05-21 03:15:25.24753,0,5190,5190,5.799508,0.9718,0.01951289176940918
2018-05-21 03:15:25.26598,0,5200,5200,0.3815375,0.9694,0.018445968627929688
2018-05-21 03:15:25.28406,0,5210,5210,1.5719078,0.9712,0.018080949783325195
2018-05-21 03:15:25.30214,0,5220,5220,2.9473073,0.9736,0.018081188201904297
2018-05-21 03:15:25.32083,0,5230,5230,7.895207,0.9734,0.018695831298828125
2018-05-21 03:15:25.33908,0,5240,5240,6.1388083,0.975,0.018249988555908203
2018-05-21 03:15:25.35851,0,5250,5250,9.486397,0.9744,0.01942300796508789
2018-05-21 03:15:25.37673,0,5260,5260,1.8481933,0.9748,0.018223047256469727
2018-05-21 03:15:25.39480,0,5270,5270,3.9112878,0.974,0.018067121505737305
2018-05-21 03:15:25.41315,0,5280,5280,0.7728105,0.9738,0.018349885940551758
2018-05-21 03:15:25.43198,0,5290,5290,7.8129363,0.9726,0.018830060958862305
2018-05-21 03:15:25.44997,0,5300,5300,6.690385,0.9666,0.017987966537475586
2018-05-21 03:15:25.46802,0,5310,5310,0.08028793,0.973,0.01805901527404785
2018-05-21 03:15:25.48613,0,5320,5320,4.1574354,0.9744,0.018105030059814453
2018-05-21 03:15:25.50429,0,5330,5330,1.048226,0.9734,0.018156051635742188
2018-05-21 03:15:25.52323,0,5340,5340,1.1872385,0.9732,0.01894688606262207
2018-05-21 03:15:25.54227,0,5350,5350,1.7912427,0.9732,0.01903390884399414
2018-05-21 03:15:25.56041,0,5360,5360,2.4358745,0.9728,0.018145084381103516
2018-05-21 03:15:25.57852,0,5370,5370,2.2054324,0.9742,0.018112897872924805
2018-05-21 03:15:25.59713,0,5380,5380,0.21504518,0.9702,0.018610000610351562
2018-05-21 03:15:25.61527,0,5390,5390,4.120878,0.9714,0.01813507080078125
2018-05-21 03:15:25.63328,0,5400,5400,8.932623,0.9718,0.018011093139648438
2018-05-21 03:15:25.65145,0,5410,5410,15.590383,0.966,0.018166065216064453
2018-05-21 03:15:25.66984,0,5420,5420,6.914912,0.964,0.01839280128479004
2018-05-21 03:15:25.68817,0,5430,5430,0.34301546,0.9684,0.018336057662963867
2018-05-21 03:15:25.70616,0,5440,5440,10.440761,0.9682,0.01798391342163086
2018-05-21 03:15:25.72459,0,5450,5450,0.587972,0.9682,0.018432140350341797
2018-05-21 03:15:25.74365,0,5460,5460,7.8204937,0.9736,0.01905989646911621
2018-05-21 03:15:25.76181,0,5470,5470,0.56069076,0.9686,0.018159151077270508
2018-05-21 03:15:25.78004,0,5480,5480,4.988254,0.97,0.018231868743896484
2018-05-21 03:15:25.79806,0,5490,5490,1.8619611,0.9698,0.01802206039428711
2018-05-21 03:15:25.81653,0,5500,5500,6.7568083,0.9686,0.018470048904418945
2018-05-21 03:15:25.91542,0,5510,5510,3.921244,0.971,0.09888291358947754
2018-05-21 03:15:25.93494,0,5520,5520,16.390268,0.9718,0.019520044326782227
2018-05-21 03:15:25.95387,0,5530,5530,1.4218532,0.971,0.01893305778503418
2018-05-21 03:15:25.97398,0,5540,5540,3.2875204,0.9738,0.020112991333007812
2018-05-21 03:15:25.99205,0,5550,5550,2.7796278,0.9708,0.01807093620300293
2018-05-21 03:15:26.01006,0,5560,5560,0.5626091,0.9704,0.018007993698120117
2018-05-21 03:15:26.02831,0,5570,5570,10.128547,0.9698,0.018249034881591797
2018-05-21 03:15:26.04670,0,5580,5580,1.1179627,0.9706,0.018384933471679688
2018-05-21 03:15:26.06537,0,5590,5590,1.6825786,0.9704,0.01866912841796875
2018-05-21 03:15:26.08379,0,5600,5600,8.161514,0.9708,0.01842784881591797
2018-05-21 03:15:26.10260,0,5610,5610,0.5560219,0.9692,0.018804073333740234
2018-05-21 03:15:26.12132,0,5620,5620,3.6007955,0.9724,0.018719911575317383
2018-05-21 03:15:26.13981,0,5630,5630,14.0115795,0.9696,0.018496036529541016
2018-05-21 03:15:26.15825,0,5640,5640,8.984239,0.97,0.018435955047607422
2018-05-21 03:15:26.17642,0,5650,5650,0.07432569,0.9694,0.018168210983276367
2018-05-21 03:15:26.19478,0,5660,5660,2.5112464,0.9688,0.018365859985351562
2018-05-21 03:15:26.21278,0,5670,5670,0.78526276,0.97,0.017993927001953125
2018-05-21 03:15:26.23108,0,5680,5680,2.7805595,0.9728,0.018301010131835938
2018-05-21 03:15:26.24990,0,5690,5690,0.013151332,0.9702,0.018825054168701172
2018-05-21 03:15:26.26812,0,5700,5700,5.5413847,0.9712,0.01821303367614746
2018-05-21 03:15:26.28638,0,5710,5710,2.282907,0.9736,0.018268108367919922
2018-05-21 03:15:26.30462,0,5720,5720,5.986811,0.9738,0.018237829208374023
2018-05-21 03:15:26.32304,0,5730,5730,5.7023025,0.973,0.018418073654174805
2018-05-21 03:15:26.34135,0,5740,5740,8.125116,0.9734,0.018310070037841797
2018-05-21 03:15:26.35929,0,5750,5750,10.890808,0.9752,0.01794290542602539
2018-05-21 03:15:26.37735,0,5760,5760,10.547759,0.9666,0.018058061599731445
2018-05-21 03:15:26.39544,0,5770,5770,15.812872,0.9704,0.01808786392211914
2018-05-21 03:15:26.41337,0,5780,5780,15.618752,0.967,0.017930984497070312
2018-05-21 03:15:26.43188,0,5790,5790,1.620208,0.9702,0.0185091495513916
2018-05-21 03:15:26.45014,0,5800,5800,8.111106,0.9696,0.0182650089263916
2018-05-21 03:15:26.46834,0,5810,5810,0.35398436,0.9698,0.01819586753845215
2018-05-21 03:15:26.48644,0,5820,5820,8.059661,0.9644,0.018100976943969727
2018-05-21 03:15:26.50470,0,5830,5830,0.20402548,0.9712,0.01826000213623047
2018-05-21 03:15:26.52396,0,5840,5840,6.6093225,0.9652,0.019263029098510742
2018-05-21 03:15:26.54193,0,5850,5850,6.1028523,0.9706,0.01796412467956543
2018-05-21 03:15:26.56006,0,5860,5860,2.2919025,0.9682,0.018133878707885742
2018-05-21 03:15:26.57833,0,5870,5870,6.31464,0.9692,0.01827216148376465
2018-05-21 03:15:26.59642,0,5880,5880,11.159969,0.9694,0.018088817596435547
2018-05-21 03:15:26.61453,0,5890,5890,9.338663,0.968,0.018107175827026367
2018-05-21 03:15:26.63250,0,5900,5900,3.1584287,0.9684,0.017974853515625
2018-05-21 03:15:26.65079,0,5910,5910,7.3985844,0.97,0.018284082412719727
2018-05-21 03:15:26.66919,0,5920,5920,15.366519,0.968,0.01839900016784668
2018-05-21 03:15:26.68750,0,5930,5930,4.9987307,0.962,0.018310070037841797
2018-05-21 03:15:26.70668,0,5940,5940,0.8756907,0.9688,0.019177913665771484
2018-05-21 03:15:26.72508,0,5950,5950,14.106733,0.9682,0.018405914306640625
2018-05-21 03:15:26.74365,0,5960,5960,2.3624585,0.971,0.018566131591796875
2018-05-21 03:15:26.76189,0,5970,5970,0.7455252,0.9702,0.018245935440063477
2018-05-21 03:15:26.77991,0,5980,5980,16.122416,0.969,0.018019914627075195
2018-05-21 03:15:26.79782,0,5990,5990,6.7152624,0.9642,0.017907142639160156
2018-05-21 03:15:26.81582,0,6000,6000,14.171977,0.9684,0.017995834350585938
2018-05-21 03:15:26.83397,0,6010,6010,3.0556266,0.9654,0.018156051635742188
2018-05-21 03:15:26.85211,0,6020,6020,6.4930906,0.9668,0.018140077590942383
2018-05-21 03:15:26.87071,0,6030,6030,30.461609,0.968,0.018598079681396484
2018-05-21 03:15:26.88985,0,6040,6040,10.2332115,0.9688,0.019136905670166016
2018-05-21 03:15:26.90841,0,6050,6050,1.2241534,0.9682,0.018557071685791016
2018-05-21 03:15:27.00893,0,6060,6060,0.44043034,0.967,0.10052490234375
2018-05-21 03:15:27.02897,0,6070,6070,4.267605,0.972,0.020041942596435547
2018-05-21 03:15:27.04785,0,6080,6080,6.1866536,0.9698,0.01888298988342285
2018-05-21 03:15:27.06624,0,6090,6090,4.1993046,0.9682,0.018388032913208008
2018-05-21 03:15:27.08441,0,6100,6100,2.1060226,0.9714,0.018165111541748047
2018-05-21 03:15:27.10265,0,6110,6110,2.8778772,0.9722,0.018240928649902344
2018-05-21 03:15:27.12100,0,6120,6120,2.7458057,0.9714,0.018347978591918945
2018-05-21 03:15:27.13888,0,6130,6130,3.9345675,0.9712,0.017881155014038086
2018-05-21 03:15:27.15742,0,6140,6140,8.81129,0.9688,0.018541812896728516
2018-05-21 03:15:27.17567,0,6150,6150,7.0121155,0.9668,0.01824808120727539
2018-05-21 03:15:27.19374,0,6160,6160,0.5744813,0.97,0.01807093620300293
2018-05-21 03:15:27.21275,0,6170,6170,3.4666553,0.9684,0.019013166427612305
2018-05-21 03:15:27.23109,0,6180,6180,10.966387,0.9708,0.018335819244384766
2018-05-21 03:15:27.24985,0,6190,6190,2.1400998,0.974,0.018764972686767578
2018-05-21 03:15:27.26812,0,6200,6200,3.5003235,0.9716,0.0182650089263916
2018-05-21 03:15:27.28615,0,6210,6210,2.8947146,0.9716,0.018028974533081055
2018-05-21 03:15:27.30417,0,6220,6220,7.6543255,0.97,0.018021106719970703
2018-05-21 03:15:27.32237,0,6230,6230,0.57899976,0.9702,0.01820206642150879
2018-05-21 03:15:27.34106,0,6240,6240,3.7362437,0.9678,0.018687009811401367
2018-05-21 03:15:27.35943,0,6250,6250,11.927016,0.9712,0.0183718204498291
2018-05-21 03:15:27.37773,0,6260,6260,5.118463,0.9712,0.018305063247680664
2018-05-21 03:15:27.39598,0,6270,6270,2.370844,0.9716,0.018244028091430664
2018-05-21 03:15:27.41418,0,6280,6280,0.59506893,0.9714,0.018198013305664062
2018-05-21 03:15:27.43231,0,6290,6290,4.192546,0.9716,0.01813197135925293
2018-05-21 03:15:27.45056,0,6300,6300,4.544739,0.9726,0.018249034881591797
2018-05-21 03:15:27.46862,0,6310,6310,0.046774402,0.9714,0.018058061599731445
2018-05-21 03:15:27.48785,0,6320,6320,3.041587,0.969,0.019234895706176758
2018-05-21 03:15:27.50584,0,6330,6330,8.636779,0.9702,0.017992019653320312
2018-05-21 03:15:27.52382,0,6340,6340,0.11089413,0.9706,0.017982959747314453
2018-05-21 03:15:27.54553,0,6350,6350,4.641653,0.9732,0.02170395851135254
2018-05-21 03:15:27.56477,0,6360,6360,6.6167197,0.9744,0.019237041473388672
2018-05-21 03:15:27.58306,0,6370,6370,1.5408437,0.9724,0.01829814910888672
2018-05-21 03:15:27.60115,0,6380,6380,12.124814,0.972,0.018082857131958008
2018-05-21 03:15:27.61926,0,6390,6390,0.43517396,0.975,0.018108129501342773
2018-05-21 03:15:27.63853,0,6400,6400,1.7112391,0.9704,0.019270896911621094
2018-05-21 03:15:27.65811,0,6410,6410,0.8091532,0.9708,0.019585132598876953
2018-05-21 03:15:27.67631,0,6420,6420,6.3868423,0.9696,0.01819586753845215
2018-05-21 03:15:27.69430,0,6430,6430,6.8199196,0.9664,0.0179901123046875
2018-05-21 03:15:27.71391,0,6440,6440,2.2582357,0.9648,0.01960897445678711
2018-05-21 03:15:27.73370,0,6450,6450,5.2102804,0.9676,0.01978898048400879
2018-05-21 03:15:27.75345,0,6460,6460,5.981422,0.969,0.019752979278564453
2018-05-21 03:15:27.77248,0,6470,6470,2.2596908,0.9708,0.019026994705200195
2018-05-21 03:15:27.79099,0,6480,6480,1.3976176,0.9688,0.018517017364501953
2018-05-21 03:15:27.80929,0,6490,6490,5.5133934,0.9692,0.018298864364624023
2018-05-21 03:15:27.82730,0,6500,6500,9.189177,0.9738,0.01801013946533203
2018-05-21 03:15:27.84520,0,6510,6510,3.4134986,0.972,0.017899036407470703
2018-05-21 03:15:27.86342,0,6520,6520,15.224638,0.9688,0.018214941024780273
2018-05-21 03:15:27.88157,0,6530,6530,11.981055,0.9694,0.018153905868530273
2018-05-21 03:15:27.89995,0,6540,6540,12.702434,0.9696,0.01838517189025879
2018-05-21 03:15:27.91840,0,6550,6550,8.672244,0.9672,0.018450021743774414
2018-05-21 03:15:27.93665,0,6560,6560,28.206062,0.9702,0.018243789672851562
2018-05-21 03:15:27.95664,0,6570,6570,7.7480693,0.971,0.019994020462036133
2018-05-21 03:15:27.97481,0,6580,6580,12.131752,0.9698,0.018167972564697266
2018-05-21 03:15:27.99274,0,6590,6590,6.4040947,0.971,0.017933130264282227
2018-05-21 03:15:28.01106,0,6600,6600,0.13841224,0.9672,0.018320083618164062
2018-05-21 03:15:28.11045,0,6610,6610,0.34163857,0.971,0.09938883781433105
2018-05-21 03:15:28.13053,0,6620,6620,1.0441946,0.9684,0.020074129104614258
2018-05-21 03:15:28.14891,0,6630,6630,23.046505,0.9684,0.01837897300720215
2018-05-21 03:15:28.16721,0,6640,6640,3.6980808,0.9686,0.018305063247680664
2018-05-21 03:15:28.18555,0,6650,6650,0.8147911,0.9688,0.018341779708862305
2018-05-21 03:15:28.20396,0,6660,6660,3.2991977,0.9734,0.018407106399536133
2018-05-21 03:15:28.22211,0,6670,6670,11.349166,0.974,0.018152952194213867
2018-05-21 03:15:28.24201,0,6680,6680,2.0329878,0.9742,0.019895076751708984
2018-05-21 03:15:28.26029,0,6690,6690,0.65131927,0.966,0.018280029296875
2018-05-21 03:15:28.27947,0,6700,6700,11.785912,0.9722,0.019186019897460938
2018-05-21 03:15:28.29767,0,6710,6710,0.9522094,0.97,0.01819896697998047
2018-05-21 03:15:28.31592,0,6720,6720,0.5658243,0.9698,0.018249988555908203
2018-05-21 03:15:28.33520,0,6730,6730,0.12811124,0.9714,0.01928091049194336
2018-05-21 03:15:28.35368,0,6740,6740,0.015728895,0.9728,0.01847696304321289
2018-05-21 03:15:28.37171,0,6750,6750,1.7178142,0.9724,0.01802515983581543
2018-05-21 03:15:28.38985,0,6760,6760,1.5591168,0.9702,0.018143892288208008
2018-05-21 03:15:28.40778,0,6770,6770,0.05873156,0.9706,0.017930030822753906
2018-05-21 03:15:28.42580,0,6780,6780,5.2924657,0.972,0.01802206039428711
2018-05-21 03:15:28.44604,0,6790,6790,5.9539557,0.9696,0.020235061645507812
2018-05-21 03:15:28.46440,0,6800,6800,10.32883,0.9692,0.018362998962402344
2018-05-21 03:15:28.48269,0,6810,6810,1.6720109,0.9708,0.01829385757446289
2018-05-21 03:15:28.50108,0,6820,6820,0.5046858,0.9732,0.018388032913208008
2018-05-21 03:15:28.51911,0,6830,6830,0.70962334,0.9734,0.018026113510131836
2018-05-21 03:15:28.53963,0,6840,6840,0.27706414,0.9708,0.020520925521850586
2018-05-21 03:15:28.55940,0,6850,6850,8.694201,0.9724,0.019775867462158203
2018-05-21 03:15:28.57897,0,6860,6860,2.798925,0.9676,0.019566059112548828
2018-05-21 03:15:28.59693,0,6870,6870,11.796413,0.972,0.01796412467956543
2018-05-21 03:15:28.61528,0,6880,6880,1.2138966,0.9724,0.018350839614868164
2018-05-21 03:15:28.63478,0,6890,6890,1.5497485,0.9726,0.019495010375976562
2018-05-21 03:15:28.65397,0,6900,6900,3.8560023,0.9708,0.01918816566467285
2018-05-21 03:15:28.67316,0,6910,6910,10.547074,0.9704,0.019194841384887695
2018-05-21 03:15:28.69138,0,6920,6920,1.4407624,0.9668,0.018214941024780273
2018-05-21 03:15:28.70976,0,6930,6930,6.875351,0.9708,0.0183870792388916
2018-05-21 03:15:28.72778,0,6940,6940,19.548029,0.9726,0.018013954162597656
2018-05-21 03:15:28.74583,0,6950,6950,9.541109,0.9718,0.018049001693725586
2018-05-21 03:15:28.76391,0,6960,6960,3.990094,0.9732,0.01808619499206543
2018-05-21 03:15:28.78202,0,6970,6970,25.558422,0.972,0.018103837966918945
2018-05-21 03:15:28.80036,0,6980,6980,1.2805678,0.9684,0.018339157104492188
2018-05-21 03:15:28.81854,0,6990,6990,21.290915,0.9682,0.018179893493652344
2018-05-21 03:15:28.83784,0,7000,7000,4.7615385,0.9684,0.019303083419799805
2018-05-21 03:15:28.85618,0,7010,7010,0.019493282,0.969,0.018342018127441406
2018-05-21 03:15:28.87474,0,7020,7020,12.208408,0.9672,0.018556833267211914
2018-05-21 03:15:28.89308,0,7030,7030,7.0576396,0.9644,0.01834416389465332
2018-05-21 03:15:28.91121,0,7040,7040,0.17974687,0.967,0.018121957778930664
2018-05-21 03:15:28.93057,0,7050,7050,5.5709796,0.9616,0.019363880157470703
2018-05-21 03:15:28.94896,0,7060,7060,25.413656,0.9608,0.018390178680419922
2018-05-21 03:15:28.96699,0,7070,7070,4.996191,0.9722,0.01802992820739746
2018-05-21 03:15:28.98505,0,7080,7080,8.804279,0.9686,0.018059968948364258
2018-05-21 03:15:29.00393,0,7090,7090,3.652302,0.9668,0.018876075744628906
2018-05-21 03:15:29.02211,0,7100,7100,1.9677322,0.9688,0.018187999725341797
2018-05-21 03:15:29.04033,0,7110,7110,6.274984,0.9668,0.01821589469909668
2018-05-21 03:15:29.05902,0,7120,7120,7.787545,0.9678,0.018693923950195312
2018-05-21 03:15:29.07718,0,7130,7130,5.8073225,0.9696,0.0181581974029541
2018-05-21 03:15:29.09537,0,7140,7140,13.607585,0.9716,0.018184900283813477
2018-05-21 03:15:29.11374,0,7150,7150,3.547101,0.9726,0.018373966217041016
2018-05-21 03:15:29.21688,0,7160,7160,5.715484,0.971,0.10313796997070312
2018-05-21 03:15:29.23602,0,7170,7170,5.493858,0.9728,0.019140005111694336
2018-05-21 03:15:29.25537,0,7180,7180,0.5520929,0.9718,0.01935601234436035
2018-05-21 03:15:29.27364,0,7190,7190,0.015922425,0.9726,0.01826310157775879
2018-05-21 03:15:29.29196,0,7200,7200,23.076399,0.9692,0.01832294464111328
2018-05-21 03:15:29.30995,0,7210,7210,4.6903706,0.9704,0.017987966537475586
2018-05-21 03:15:29.32830,0,7220,7220,4.817637,0.9706,0.01834893226623535
2018-05-21 03:15:29.34644,0,7230,7230,13.684221,0.9716,0.01814103126525879
2018-05-21 03:15:29.36452,0,7240,7240,16.59798,0.9676,0.018080949783325195
2018-05-21 03:15:29.38262,0,7250,7250,5.8416142,0.9684,0.018096208572387695
2018-05-21 03:15:29.40211,0,7260,7260,2.9151275,0.9698,0.019496917724609375
2018-05-21 03:15:29.42019,0,7270,7270,0.87564266,0.9698,0.018079042434692383
2018-05-21 03:15:29.43859,0,7280,7280,0.74769783,0.9694,0.018400907516479492
2018-05-21 03:15:29.45668,0,7290,7290,10.225208,0.9698,0.018085956573486328
2018-05-21 03:15:29.47496,0,7300,7300,6.773026,0.9714,0.018285036087036133
2018-05-21 03:15:29.49319,0,7310,7310,4.4132857,0.97,0.01823115348815918
2018-05-21 03:15:29.51127,0,7320,7320,2.7425065,0.9714,0.018071889877319336
2018-05-21 03:15:29.53031,0,7330,7330,9.881655,0.973,0.019041061401367188
2018-05-21 03:15:29.54931,0,7340,7340,9.92545,0.9724,0.01900792121887207
2018-05-21 03:15:29.56749,0,7350,7350,5.586023,0.9708,0.01817011833190918
2018-05-21 03:15:29.58587,0,7360,7360,0.7623501,0.9698,0.018384933471679688
2018-05-21 03:15:29.60417,0,7370,7370,3.5819314,0.9754,0.018303871154785156
2018-05-21 03:15:29.62243,0,7380,7380,12.697919,0.9746,0.01825714111328125
2018-05-21 03:15:29.64077,0,7390,7390,1.2882214,0.9736,0.01833796501159668
2018-05-21 03:15:29.65917,0,7400,7400,10.950532,0.9738,0.018402099609375
2018-05-21 03:15:29.67740,0,7410,7410,0.107313104,0.9696,0.01822686195373535
2018-05-21 03:15:29.69538,0,7420,7420,8.66548,0.971,0.01797795295715332
2018-05-21 03:15:29.71333,0,7430,7430,10.088259,0.967,0.017956018447875977
2018-05-21 03:15:29.73179,0,7440,7440,5.4619737,0.9734,0.018461942672729492
2018-05-21 03:15:29.75067,0,7450,7450,1.005166,0.9698,0.018873214721679688
2018-05-21 03:15:29.76911,0,7460,7460,1.6222277,0.9706,0.018440961837768555
2018-05-21 03:15:29.78721,0,7470,7470,0.37892082,0.97,0.018103837966918945
2018-05-21 03:15:29.80554,0,7480,7480,0.293557,0.973,0.018331050872802734
2018-05-21 03:15:29.82447,0,7490,7490,8.50799,0.9718,0.018928050994873047
2018-05-21 03:15:29.84300,0,7500,7500,9.51924,0.973,0.01852893829345703
2018-05-21 03:15:29.86317,0,7510,7510,4.4050255,0.9686,0.020172119140625
2018-05-21 03:15:29.88137,0,7520,7520,1.2774214,0.9732,0.01819586753845215
2018-05-21 03:15:29.89983,0,7530,7530,4.172021,0.9722,0.018459081649780273
2018-05-21 03:15:29.91812,0,7540,7540,7.0287747,0.9706,0.018292903900146484
2018-05-21 03:15:29.93634,0,7550,7550,1.2848759,0.972,0.018224000930786133
2018-05-21 03:15:29.95476,0,7560,7560,17.191269,0.9718,0.018414974212646484
2018-05-21 03:15:29.97301,0,7570,7570,8.101736,0.967,0.018249034881591797
2018-05-21 03:15:29.99146,0,7580,7580,6.88394,0.971,0.018453121185302734
2018-05-21 03:15:30.00960,0,7590,7590,7.02582,0.9678,0.018136978149414062
2018-05-21 03:15:30.02834,0,7600,7600,4.7810287,0.9644,0.01874399185180664
2018-05-21 03:15:30.04622,0,7610,7610,12.436947,0.9698,0.017879962921142578
2018-05-21 03:15:30.06461,0,7620,7620,17.716755,0.971,0.0183870792388916
2018-05-21 03:15:30.08367,0,7630,7630,5.925189,0.9716,0.01906585693359375
2018-05-21 03:15:30.10197,0,7640,7640,0.96216387,0.9682,0.018296003341674805
2018-05-21 03:15:30.12015,0,7650,7650,0.0024467034,0.969,0.018182039260864258
2018-05-21 03:15:30.13920,0,7660,7660,0.7430045,0.9738,0.01904296875
2018-05-21 03:15:30.15881,0,7670,7670,7.6065464,0.9748,0.019613027572631836
2018-05-21 03:15:30.17712,0,7680,7680,5.3263907,0.9726,0.01831507682800293
2018-05-21 03:15:30.19513,0,7690,7690,25.739693,0.9758,0.01800394058227539
2018-05-21 03:15:30.21471,0,7700,7700,2.7869153,0.9708,0.019577980041503906
2018-05-21 03:15:30.31448,0,7710,7710,1.4796994,0.9702,0.09977293014526367
2018-05-21 03:15:30.33361,0,7720,7720,8.144776,0.9716,0.01913309097290039
2018-05-21 03:15:30.35328,0,7730,7730,13.161129,0.972,0.01966404914855957
2018-05-21 03:15:30.37184,0,7740,7740,0.11324473,0.972,0.01856398582458496
2018-05-21 03:15:30.39068,0,7750,7750,0.5090023,0.9726,0.01884007453918457
2018-05-21 03:15:30.40982,0,7760,7760,8.513962,0.9752,0.019142866134643555
2018-05-21 03:15:30.42955,0,7770,7770,9.0714655,0.9712,0.019726991653442383
2018-05-21 03:15:30.44781,0,7780,7780,3.8186402,0.9734,0.018264055252075195
2018-05-21 03:15:30.46600,0,7790,7790,1.7328527,0.9692,0.018186092376708984
2018-05-21 03:15:30.48424,0,7800,7800,8.163832,0.966,0.018242835998535156
2018-05-21 03:15:30.50235,0,7810,7810,0.30641758,0.9692,0.01810312271118164
2018-05-21 03:15:30.52092,0,7820,7820,0.27163962,0.9698,0.018570899963378906
2018-05-21 03:15:30.54025,0,7830,7830,7.76729,0.9716,0.01933598518371582
2018-05-21 03:15:30.55841,0,7840,7840,3.4695907,0.9702,0.018152952194213867
2018-05-21 03:15:30.57754,0,7850,7850,24.308788,0.9718,0.01913309097290039
2018-05-21 03:15:30.59566,0,7860,7860,9.2017355,0.9716,0.01811814308166504
2018-05-21 03:15:30.61380,0,7870,7870,1.1167861,0.975,0.01813793182373047
2018-05-21 03:15:30.63265,0,7880,7880,0.012759257,0.9716,0.018857955932617188
2018-05-21 03:15:30.65095,0,7890,7890,1.3573111,0.9688,0.01829695701599121
2018-05-21 03:15:30.66903,0,7900,7900,10.87404,0.9684,0.01808309555053711
2018-05-21 03:15:30.68727,0,7910,7910,4.2442493,0.9716,0.01823592185974121
2018-05-21 03:15:30.70534,0,7920,7920,0.19278218,0.9684,0.018069028854370117
2018-05-21 03:15:30.72345,0,7930,7930,8.943871,0.9708,0.018112897872924805
2018-05-21 03:15:30.74153,0,7940,7940,0.893627,0.9724,0.01807999610900879
2018-05-21 03:15:30.75950,0,7950,7950,9.764654,0.9716,0.017965078353881836
2018-05-21 03:15:30.77769,0,7960,7960,2.322343,0.972,0.01818990707397461
2018-05-21 03:15:30.79579,0,7970,7970,5.0454273,0.9718,0.01810312271118164
2018-05-21 03:15:30.81369,0,7980,7980,13.083376,0.9698,0.017901897430419922
2018-05-21 03:15:30.83175,0,7990,7990,8.943911,0.9718,0.018063068389892578
2018-05-21 03:15:30.85027,0,8000,8000,1.4334615,0.9732,0.018520116806030273
2018-05-21 03:15:30.86880,0,8010,8010,6.7948823,0.9646,0.018530845642089844
2018-05-21 03:15:30.88693,0,8020,8020,2.7018824,0.9704,0.018124103546142578
2018-05-21 03:15:30.90503,0,8030,8030,4.7532353,0.9674,0.018099069595336914
2018-05-21 03:15:30.92323,0,8040,8040,2.1854775,0.9656,0.018204927444458008
2018-05-21 03:15:30.94125,0,8050,8050,2.8478398,0.9686,0.018017053604125977
2018-05-21 03:15:30.96050,0,8060,8060,0.45176682,0.971,0.019250869750976562
2018-05-21 03:15:30.97866,0,8070,8070,0.33300537,0.9706,0.01816391944885254
2018-05-21 03:15:30.99708,0,8080,8080,0.2878049,0.9726,0.01841902732849121
2018-05-21 03:15:31.01519,0,8090,8090,6.734082,0.9694,0.01810598373413086
2018-05-21 03:15:31.03333,0,8100,8100,4.1738615,0.9708,0.01814413070678711
2018-05-21 03:15:31.05160,0,8110,8110,12.546899,0.9704,0.018262863159179688
2018-05-21 03:15:31.06972,0,8120,8120,7.597979,0.97,0.01811814308166504
2018-05-21 03:15:31.08961,0,8130,8130,14.484488,0.9718,0.019897937774658203
2018-05-21 03:15:31.10795,0,8140,8140,6.508401,0.9708,0.018338918685913086
2018-05-21 03:15:31.12614,0,8150,8150,4.5973125,0.973,0.018184185028076172
2018-05-21 03:15:31.14437,0,8160,8160,0.21619852,0.9704,0.018229007720947266
2018-05-21 03:15:31.16236,0,8170,8170,1.6901085,0.969,0.01799798011779785
2018-05-21 03:15:31.18088,0,8180,8180,9.695478,0.9712,0.018513917922973633
2018-05-21 03:15:31.19977,0,8190,8190,1.4201845,0.9704,0.01889491081237793
2018-05-21 03:15:31.21963,0,8200,8200,2.0384262,0.9738,0.01985621452331543
2018-05-21 03:15:31.23905,0,8210,8210,7.8231897,0.9712,0.019426822662353516
2018-05-21 03:15:31.25706,0,8220,8220,2.4979594,0.973,0.018000125885009766
2018-05-21 03:15:31.27556,0,8230,8230,6.1284375,0.9718,0.018504858016967773
2018-05-21 03:15:31.29343,0,8240,8240,2.0253048,0.9702,0.01787400245666504
2018-05-21 03:15:31.31201,0,8250,8250,4.7573147,0.9726,0.01857304573059082
2018-05-21 03:15:31.41384,0,8260,8260,2.9086373,0.9704,0.10183215141296387
2018-05-21 03:15:31.43366,0,8270,8270,2.904586,0.9696,0.019817829132080078
2018-05-21 03:15:31.45260,0,8280,8280,5.295539,0.9678,0.018939971923828125
2018-05-21 03:15:31.47284,0,8290,8290,3.9684033,0.9718,0.020240068435668945
2018-05-21 03:15:31.49087,0,8300,8300,2.0748584,0.9732,0.018034934997558594
2018-05-21 03:15:31.50922,0,8310,8310,0.40221518,0.9736,0.01835012435913086
2018-05-21 03:15:31.52755,0,8320,8320,4.8327093,0.9698,0.018327951431274414
2018-05-21 03:15:31.54636,0,8330,8330,3.1829782,0.9734,0.01880502700805664
2018-05-21 03:15:31.56474,0,8340,8340,2.928387,0.9728,0.01838207244873047
2018-05-21 03:15:31.58269,0,8350,8350,0.7289963,0.9738,0.017951011657714844
2018-05-21 03:15:31.60109,0,8360,8360,10.831265,0.9736,0.01840496063232422
2018-05-21 03:15:31.61941,0,8370,8370,0.9508258,0.9742,0.018314838409423828
2018-05-21 03:15:31.63865,0,8380,8380,6.8799734,0.9742,0.019242048263549805
2018-05-21 03:15:31.65808,0,8390,8390,0.087373905,0.9762,0.01942610740661621
2018-05-21 03:15:31.67673,0,8400,8400,12.255247,0.9712,0.018658876419067383
2018-05-21 03:15:31.69563,0,8410,8410,6.242731,0.9728,0.0188901424407959
2018-05-21 03:15:31.71384,0,8420,8420,10.340312,0.974,0.018218994140625
2018-05-21 03:15:31.73198,0,8430,8430,0.2785094,0.9728,0.01813793182373047
2018-05-21 03:15:31.74999,0,8440,8440,9.511386,0.9702,0.01800990104675293
2018-05-21 03:15:31.76969,0,8450,8450,0.8900245,0.973,0.019700050354003906
2018-05-21 03:15:31.78901,0,8460,8460,8.315616,0.9732,0.019314050674438477
2018-05-21 03:15:31.80738,0,8470,8470,4.4489694,0.9692,0.01837611198425293
2018-05-21 03:15:31.82547,0,8480,8480,7.742898,0.9714,0.018092870712280273
2018-05-21 03:15:31.84378,0,8490,8490,0.0030302568,0.9726,0.018301010131835938
2018-05-21 03:15:31.86203,0,8500,8500,3.506428,0.9718,0.018251895904541016
2018-05-21 03:15:31.88040,0,8510,8510,2.5648835,0.971,0.018375158309936523
2018-05-21 03:15:31.89864,0,8520,8520,7.775977,0.9724,0.018234968185424805
2018-05-21 03:15:31.91669,0,8530,8530,0.98385155,0.9694,0.018056869506835938
2018-05-21 03:15:31.93559,0,8540,8540,1.069001,0.9726,0.01889204978942871
2018-05-21 03:15:31.95354,0,8550,8550,12.811338,0.9716,0.017948150634765625
2018-05-21 03:15:31.97178,0,8560,8560,4.424891,0.9724,0.01824784278869629
2018-05-21 03:15:31.98989,0,8570,8570,2.4896154,0.9712,0.018110036849975586
2018-05-21 03:15:32.00805,0,8580,8580,0.17290488,0.9718,0.018162012100219727
2018-05-21 03:15:32.02613,0,8590,8590,1.3651737,0.9704,0.01807403564453125
2018-05-21 03:15:32.04417,0,8600,8600,10.15642,0.9718,0.018043041229248047
2018-05-21 03:15:32.06345,0,8610,8610,0.03648739,0.9714,0.019276857376098633
2018-05-21 03:15:32.08377,0,8620,8620,0.811886,0.9712,0.020325183868408203
2018-05-21 03:15:32.10243,0,8630,8630,2.4078617,0.97,0.018658876419067383
2018-05-21 03:15:32.12057,0,8640,8640,5.2885065,0.9726,0.01814103126525879
2018-05-21 03:15:32.13890,0,8650,8650,0.48872614,0.9726,0.01832103729248047
2018-05-21 03:15:32.15762,0,8660,8660,0.4697951,0.9686,0.01872706413269043
2018-05-21 03:15:32.17626,0,8670,8670,8.238529,0.971,0.01863884925842285
2018-05-21 03:15:32.19447,0,8680,8680,6.4526763,0.9706,0.018204927444458008
2018-05-21 03:15:32.21288,0,8690,8690,8.105186,0.9708,0.018412113189697266
2018-05-21 03:15:32.23114,0,8700,8700,0.024498383,0.9698,0.01826310157775879
2018-05-21 03:15:32.24929,0,8710,8710,7.7954054,0.9714,0.01814579963684082
2018-05-21 03:15:32.26885,0,8720,8720,11.300575,0.9672,0.019567012786865234
2018-05-21 03:15:32.28707,0,8730,8730,15.153362,0.9704,0.01821112632751465
2018-05-21 03:15:32.30532,0,8740,8740,11.329646,0.9716,0.018257856369018555
2018-05-21 03:15:32.32353,0,8750,8750,6.536455,0.9722,0.018210172653198242
2018-05-21 03:15:32.34167,0,8760,8760,4.0351486,0.9696,0.018133878707885742
2018-05-21 03:15:32.36108,0,8770,8770,2.7287385,0.9714,0.019411087036132812
2018-05-21 03:15:32.37910,0,8780,8780,11.423018,0.9672,0.01802206039428711
2018-05-21 03:15:32.39744,0,8790,8790,10.932251,0.9714,0.018344879150390625
2018-05-21 03:15:32.41641,0,8800,8800,0.23796307,0.9718,0.0189669132232666
2018-05-21 03:15:32.51616,0,8810,8810,21.304276,0.9692,0.09974908828735352
2018-05-21 03:15:32.53727,0,8820,8820,0.34147036,0.9686,0.021112918853759766
2018-05-21 03:15:32.55625,0,8830,8830,1.2802237,0.9708,0.018978118896484375
2018-05-21 03:15:32.57417,0,8840,8840,7.7372937,0.9714,0.017919063568115234
2018-05-21 03:15:32.59308,0,8850,8850,0.10980912,0.9736,0.01891183853149414
2018-05-21 03:15:32.61093,0,8860,8860,0.48151374,0.976,0.017843008041381836
2018-05-21 03:15:32.62916,0,8870,8870,1.9422916,0.9738,0.018236160278320312
2018-05-21 03:15:32.64740,0,8880,8880,0.693857,0.9736,0.018237829208374023
2018-05-21 03:15:32.66573,0,8890,8890,0.23960206,0.9716,0.018334150314331055
2018-05-21 03:15:32.68388,0,8900,8900,1.2118399,0.9752,0.018141984939575195
2018-05-21 03:15:32.70307,0,8910,8910,9.047962,0.9704,0.019192934036254883
2018-05-21 03:15:32.72120,0,8920,8920,2.3759108,0.9702,0.01812911033630371
2018-05-21 03:15:32.73958,0,8930,8930,0.004987666,0.9716,0.018378019332885742
2018-05-21 03:15:32.75867,0,8940,8940,7.705799,0.966,0.01909780502319336
2018-05-21 03:15:32.77693,0,8950,8950,4.8752356,0.9722,0.018258094787597656
2018-05-21 03:15:32.79506,0,8960,8960,0.75404,0.9736,0.018124103546142578
2018-05-21 03:15:32.81333,0,8970,8970,0.012234085,0.971,0.018272876739501953
2018-05-21 03:15:32.83145,0,8980,8980,0.69832903,0.9732,0.018117904663085938
2018-05-21 03:15:32.84997,0,8990,8990,5.1059356,0.971,0.018519163131713867
2018-05-21 03:15:32.86804,0,9000,9000,15.895538,0.9698,0.01807689666748047
2018-05-21 03:15:32.88615,0,9010,9010,9.095728,0.971,0.018106937408447266
2018-05-21 03:15:32.90474,0,9020,9020,0.0022395216,0.9742,0.018587112426757812
2018-05-21 03:15:32.92300,0,9030,9030,0.016099283,0.9726,0.0182650089263916
2018-05-21 03:15:32.94140,0,9040,9040,0.12795046,0.9728,0.018399953842163086
2018-05-21 03:15:32.96050,0,9050,9050,3.755662,0.9742,0.019102096557617188
2018-05-21 03:15:32.97921,0,9060,9060,1.569387,0.9702,0.018707990646362305
2018-05-21 03:15:32.99765,0,9070,9070,4.375634,0.9704,0.018436908721923828
2018-05-21 03:15:33.01577,0,9080,9080,0.9488245,0.9746,0.018124103546142578
2018-05-21 03:15:33.03520,0,9090,9090,0.19397067,0.9712,0.01942896842956543
2018-05-21 03:15:33.05356,0,9100,9100,0.0521677,0.9732,0.01835489273071289
2018-05-21 03:15:33.07185,0,9110,9110,0.27721822,0.9754,0.018290996551513672
2018-05-21 03:15:33.09095,0,9120,9120,7.148405,0.9708,0.019106149673461914
2018-05-21 03:15:33.10950,0,9130,9130,0.00813001,0.973,0.018543004989624023
2018-05-21 03:15:33.12756,0,9140,9140,0.9787093,0.9712,0.018065929412841797
2018-05-21 03:15:33.14588,0,9150,9150,14.895885,0.9726,0.018321990966796875
2018-05-21 03:15:33.16416,0,9160,9160,5.8475623,0.972,0.01827096939086914
2018-05-21 03:15:33.18229,0,9170,9170,15.843795,0.9696,0.018136978149414062
2018-05-21 03:15:33.20174,0,9180,9180,3.4047039,0.974,0.019448041915893555
2018-05-21 03:15:33.21987,0,9190,9190,0.012615354,0.9724,0.01812911033630371
2018-05-21 03:15:33.23818,0,9200,9200,0.29835117,0.971,0.018309831619262695
2018-05-21 03:15:33.25641,0,9210,9210,9.948957,0.9676,0.018226146697998047
2018-05-21 03:15:33.27461,0,9220,9220,4.048234,0.969,0.018203020095825195
2018-05-21 03:15:33.29254,0,9230,9230,4.1415854,0.9666,0.01793193817138672
2018-05-21 03:15:33.31077,0,9240,9240,0.19824289,0.9694,0.01822686195373535
2018-05-21 03:15:33.32880,0,9250,9250,0.803116,0.9696,0.018029212951660156
2018-05-21 03:15:33.34805,0,9260,9260,24.912514,0.9694,0.01925182342529297
2018-05-21 03:15:33.36644,0,9270,9270,4.128351,0.9714,0.0183870792388916
2018-05-21 03:15:33.38602,0,9280,9280,13.261548,0.9684,0.01958298683166504
2018-05-21 03:15:33.40425,0,9290,9290,9.89083,0.9658,0.018232107162475586
2018-05-21 03:15:33.42276,0,9300,9300,10.468518,0.9722,0.01851201057434082
2018-05-21 03:15:33.44143,0,9310,9310,12.200251,0.9674,0.018661975860595703
2018-05-21 03:15:33.45959,0,9320,9320,1.2391288,0.9722,0.01816082000732422
2018-05-21 03:15:33.47790,0,9330,9330,0.28225505,0.9716,0.01831507682800293
2018-05-21 03:15:33.49765,0,9340,9340,0.0884144,0.968,0.019752025604248047
2018-05-21 03:15:33.51590,0,9350,9350,1.528568,0.9692,0.018249034881591797
2018-05-21 03:15:33.61801,0,9360,9360,7.217106,0.9712,0.10210394859313965
2018-05-21 03:15:33.63723,0,9370,9370,3.8149667,0.9722,0.019222021102905273
2018-05-21 03:15:33.65581,0,9380,9380,2.048228,0.9708,0.018581867218017578
2018-05-21 03:15:33.67399,0,9390,9390,3.5620968,0.9702,0.018184185028076172
2018-05-21 03:15:33.69229,0,9400,9400,4.761929,0.9726,0.018298864364624023
2018-05-21 03:15:33.71070,0,9410,9410,0.02205827,0.9716,0.018404006958007812
2018-05-21 03:15:33.72915,0,9420,9420,11.639676,0.9738,0.0184481143951416
2018-05-21 03:15:33.74724,0,9430,9430,3.9653893,0.9712,0.018090009689331055
2018-05-21 03:15:33.76546,0,9440,9440,4.084721,0.9734,0.018225908279418945
2018-05-21 03:15:33.78345,0,9450,9450,1.4924562,0.973,0.017987966537475586
2018-05-21 03:15:33.80149,0,9460,9460,0.16691007,0.9716,0.01803898811340332
2018-05-21 03:15:33.82007,0,9470,9470,0.730506,0.9732,0.018577098846435547
2018-05-21 03:15:33.83860,0,9480,9480,0.0126247285,0.9716,0.018533945083618164
2018-05-21 03:15:33.85758,0,9490,9490,3.9598281,0.9716,0.018976926803588867
2018-05-21 03:15:33.87594,0,9500,9500,0.13656577,0.9684,0.018362998962402344
2018-05-21 03:15:33.89407,0,9510,9510,2.970231,0.9694,0.01812911033630371
2018-05-21 03:15:33.91349,0,9520,9520,0.055201564,0.9716,0.019424915313720703
2018-05-21 03:15:33.93167,0,9530,9530,0.042707417,0.972,0.01817798614501953
2018-05-21 03:15:33.95003,0,9540,9540,3.9801064,0.972,0.018360137939453125
2018-05-21 03:15:33.97019,0,9550,9550,5.224725,0.9696,0.020158052444458008
2018-05-21 03:15:33.98844,0,9560,9560,3.049693,0.9708,0.01825094223022461
2018-05-21 03:15:34.00658,0,9570,9570,9.585524,0.9718,0.018136024475097656
2018-05-21 03:15:34.02474,0,9580,9580,2.0093155,0.9732,0.01816582679748535
2018-05-21 03:15:34.04303,0,9590,9590,2.5806205,0.972,0.018288135528564453
2018-05-21 03:15:34.06130,0,9600,9600,0.8394142,0.9704,0.018270015716552734
2018-05-21 03:15:34.07955,0,9610,9610,1.1410259,0.9746,0.018251895904541016
2018-05-21 03:15:34.09787,0,9620,9620,2.5400362,0.9748,0.01832294464111328
2018-05-21 03:15:34.11608,0,9630,9630,0.46993965,0.9738,0.018204212188720703
2018-05-21 03:15:34.13444,0,9640,9640,1.0294417,0.9724,0.018365859985351562
2018-05-21 03:15:34.15317,0,9650,9650,7.675608,0.9696,0.01872396469116211
2018-05-21 03:15:34.17136,0,9660,9660,0.008581095,0.9716,0.018195152282714844
2018-05-21 03:15:34.19148,0,9670,9670,17.727003,0.9726,0.020120859146118164
2018-05-21 03:15:34.20957,0,9680,9680,3.3499267,0.9716,0.01808309555053711
2018-05-21 03:15:34.22789,0,9690,9690,1.8308196,0.9728,0.018320083618164062
2018-05-21 03:15:34.24603,0,9700,9700,0.2060885,0.9702,0.01814579963684082
2018-05-21 03:15:34.26460,0,9710,9710,0.016477818,0.972,0.0185701847076416
2018-05-21 03:15:34.28257,0,9720,9720,9.369929,0.9706,0.017962932586669922
2018-05-21 03:15:34.30073,0,9730,9730,7.445823,0.97,0.018162012100219727
2018-05-21 03:15:34.32060,0,9740,9740,5.057964,0.9706,0.019868850708007812
2018-05-21 03:15:34.33882,0,9750,9750,3.0462463,0.9722,0.018218040466308594
2018-05-21 03:15:34.35699,0,9760,9760,3.2975116,0.9724,0.018169164657592773
2018-05-21 03:15:34.37544,0,9770,9770,0.0016834589,0.9714,0.018455982208251953
2018-05-21 03:15:34.39364,0,9780,9780,3.735874,0.9704,0.018203020095825195
2018-05-21 03:15:34.41377,0,9790,9790,0.40285116,0.9682,0.02012801170349121
2018-05-21 03:15:34.43332,0,9800,9800,6.8785906,0.9706,0.019545793533325195
2018-05-21 03:15:34.45147,0,9810,9810,0.011574048,0.9724,0.01815199851989746
2018-05-21 03:15:34.46959,0,9820,9820,5.899107,0.9738,0.018121004104614258
2018-05-21 03:15:34.48959,0,9830,9830,13.2114315,0.97,0.01999497413635254
2018-05-21 03:15:34.50762,0,9840,9840,0.30822164,0.97,0.018037080764770508
2018-05-21 03:15:34.52600,0,9850,9850,10.848031,0.9682,0.018374919891357422
2018-05-21 03:15:34.54442,0,9860,9860,4.1448855,0.9664,0.018426179885864258
2018-05-21 03:15:34.56291,0,9870,9870,1.2866838,0.969,0.018481016159057617
2018-05-21 03:15:34.58117,0,9880,9880,9.83466,0.9676,0.0182650089263916
2018-05-21 03:15:34.59993,0,9890,9890,12.52078,0.9694,0.018762826919555664
2018-05-21 03:15:34.61934,0,9900,9900,0.035356894,0.9712,0.019404172897338867
2018-05-21 03:15:34.72139,0,9910,9910,5.0517626,0.9676,0.10205388069152832
2018-05-21 03:15:34.74072,0,9920,9920,0.039433047,0.9684,0.019331932067871094
2018-05-21 03:15:34.75986,0,9930,9930,3.3189504,0.9662,0.019141197204589844
2018-05-21 03:15:34.77896,0,9940,9940,6.7906194,0.9674,0.019099950790405273
2018-05-21 03:15:34.79707,0,9950,9950,2.064753,0.9678,0.018106937408447266
2018-05-21 03:15:34.81514,0,9960,9960,4.659678,0.9718,0.018069982528686523
2018-05-21 03:15:34.83351,0,9970,9970,0.32093894,0.968,0.018368005752563477
2018-05-21 03:15:34.85240,0,9980,9980,5.977134,0.9716,0.0188901424407959
2018-05-21 03:15:34.87070,0,9990,9990,10.817257,0.9716,0.018297910690307617
2018-05-21 03:15:34.88914,0,10000,10000,6.05248,0.9708,0.018446922302246094
